recorded;RADON_SHORT_TERM_AVG pCi/L;PM2_5 μg/m3;CO2 ppm;HUMIDITY %;TEMP °F;VOC ppb;PRESSURE inHg;PM1 μg/m3
2024-11-11T20:50:54;0.14;;;;;;;
2024-11-11T20:50:56;;;652.00;34.26;80.06;;;
2024-11-11T20:50:58;;0.00;;;;46.00;29.41;0.00
2024-11-11T20:53:21;;;724.00;28.52;80.42;;;
2024-11-11T20:53:23;;0.00;;;;;;0.00
2024-11-11T20:55:51;;;694.00;29.66;80.28;;;
2024-11-11T20:55:53;;0.00;;;;88.00;29.41;0.00
2024-11-11T20:58:19;;;687.00;30.54;79.84;;;
2024-11-11T20:58:21;;0.00;;;;;;0.00
2024-11-11T21:00:51;;;786.00;29.59;79.61;;;
2024-11-11T21:00:53;;0.00;;;;166.00;29.41;0.00
2024-11-11T21:03:19;;;774.00;30.74;79.39;;;
2024-11-11T21:03:21;;0.00;;;;;;0.00
2024-11-11T21:15:49;;;635.00;29.54;78.24;;;
2024-11-11T21:15:51;;;;;;1409.00;29.42;
2024-11-11T21:20:53;;;613.00;29.69;76.66;;;
2024-11-11T21:20:55;;1.00;;;;63.00;29.42;0.00
2024-11-11T21:25:49;;;580.00;29.96;75.54;;;
2024-11-11T21:25:51;;;;;;41.00;29.42;
2024-11-11T21:30:53;0.19;;;;;;;
2024-11-11T21:30:55;;;511.00;30.81;74.52;;;
2024-11-11T21:30:57;;0.00;;;;84.00;29.42;0.00
2024-11-11T21:35:49;;;518.00;31.15;74.52;;;
2024-11-11T21:35:51;;;;;;72.00;29.42;
2024-11-11T21:40:53;;;491.00;31.35;74.30;;;
2024-11-11T21:40:55;;0.00;;;;80.00;29.42;0.00
2024-11-11T21:45:49;;;449.00;31.57;74.19;;;
2024-11-11T21:45:51;;;;;;76.00;29.42;
2024-11-11T21:50:53;0.19;;;;;;;
2024-11-11T21:50:55;;;473.00;31.80;74.07;;;
2024-11-11T21:50:57;;0.00;;;;69.00;29.42;0.00
2024-11-11T21:55:48;;;481.00;31.98;73.90;;;
2024-11-11T21:55:50;;;;;;50.00;29.42;
2024-11-11T22:00:53;;;470.00;32.09;73.62;;;
2024-11-11T22:00:55;;0.00;;;;46.00;29.42;0.00
2024-11-11T22:05:48;;;452.00;32.13;73.51;;;
2024-11-11T22:05:50;;;;;;63.00;29.43;
2024-11-11T22:10:53;0.19;;;;;;;
2024-11-11T22:10:55;;;457.00;32.25;73.51;;;
2024-11-11T22:10:57;;0.00;;;;59.00;29.43;0.00
2024-11-11T22:15:48;;;468.00;32.37;73.17;;;
2024-11-11T22:15:50;;;;;;63.00;29.43;
2024-11-11T22:20:52;;;459.00;32.42;73.17;;;
2024-11-11T22:20:54;;1.00;;;;61.00;29.43;1.00
2024-11-11T22:25:47;;;477.00;32.52;73.08;;;
2024-11-11T22:25:49;;;;;;46.00;29.43;
2024-11-11T22:30:52;0.19;;;;;;;
2024-11-11T22:30:54;;;460.00;32.57;72.91;;;
2024-11-11T22:30:56;;0.00;;;;48.00;29.43;0.00
2024-11-11T22:35:49;;;450.00;32.61;72.72;;;
2024-11-11T22:35:51;;;;;;52.00;29.44;
2024-11-11T22:40:53;;;480.00;32.79;72.82;;;
2024-11-11T22:40:55;;0.00;;;;46.00;29.44;0.00
2024-11-11T22:45:49;;;482.00;32.79;73.04;;;
2024-11-11T22:45:51;;;;;;46.00;29.44;
2024-11-11T22:50:53;0.19;;;;;;;
2024-11-11T22:50:55;;;474.00;32.86;73.00;;;
2024-11-11T22:50:57;;0.00;;;;46.00;29.44;0.00
2024-11-11T22:55:49;;;456.00;32.80;72.82;;;
2024-11-11T22:55:51;;;;;;48.00;29.44;
2024-11-11T23:00:53;;;448.00;32.96;72.82;;;
2024-11-11T23:00:55;;0.00;;;;58.00;29.44;0.00
2024-11-11T23:05:48;;;468.00;32.95;72.72;;;
2024-11-11T23:05:50;;;;;;46.00;29.44;
2024-11-11T23:10:52;0.19;;;;;;;
2024-11-11T23:10:54;;;475.00;33.08;72.61;;;
2024-11-11T23:10:56;;0.00;;;;46.00;29.44;0.00
2024-11-11T23:15:47;;;478.00;33.04;72.50;;;
2024-11-11T23:15:49;;;;;;46.00;29.44;
2024-11-11T23:20:52;;;455.00;33.07;72.39;;;
2024-11-11T23:20:54;;0.00;;;;50.00;29.44;0.00
2024-11-11T23:25:48;;;473.00;33.28;72.39;;;
2024-11-11T23:25:50;;;;;;46.00;29.45;
2024-11-11T23:30:53;0.19;;;;;;;
2024-11-11T23:30:55;;;499.00;33.36;72.16;;;
2024-11-11T23:30:57;;0.00;;;;56.00;29.45;0.00
2024-11-11T23:35:49;;;492.00;33.42;72.36;;;
2024-11-11T23:35:51;;;;;;46.00;29.45;
2024-11-11T23:40:53;;;486.00;33.47;72.27;;;
2024-11-11T23:40:55;;0.00;;;;46.00;29.45;0.00
2024-11-11T23:45:48;;;475.00;33.57;72.39;;;
2024-11-11T23:45:50;;;;;;46.00;29.45;
2024-11-11T23:50:53;0.19;;;;;;;
2024-11-11T23:50:55;;;462.00;33.62;71.98;;;
2024-11-11T23:50:57;;0.00;;;;46.00;29.45;0.00
2024-11-11T23:55:48;;;448.00;33.65;72.16;;;
2024-11-11T23:55:50;;;;;;48.00;29.45;
2024-11-12T00:00:51;;;464.00;33.70;72.16;;;
2024-11-12T00:00:53;;0.00;;;;46.00;29.45;0.00
2024-11-12T00:05:48;;;456.00;33.75;72.16;;;
2024-11-12T00:05:50;;;;;;46.00;29.45;
2024-11-12T00:10:52;0.19;;;;;;;
2024-11-12T00:10:54;;;468.00;33.85;72.16;;;
2024-11-12T00:10:56;;0.00;;;;46.00;29.45;0.00
2024-11-12T00:15:47;;;474.00;33.91;72.16;;;
2024-11-12T00:15:49;;;;;;46.00;29.45;
2024-11-12T00:20:52;;;480.00;33.93;71.89;;;
2024-11-12T00:20:54;;0.00;;;;46.00;29.45;0.00
2024-11-12T00:25:48;;;495.00;34.04;71.92;;;
2024-11-12T00:25:50;;;;;;50.00;29.45;
2024-11-12T00:30:52;0.19;;;;;;;
2024-11-12T00:30:54;;;471.00;34.29;71.92;;;
2024-11-12T00:30:56;;0.00;;;;46.00;29.46;0.00
2024-11-12T00:35:48;;;464.00;34.23;71.69;;;
2024-11-12T00:35:50;;;;;;58.00;29.46;
2024-11-12T00:40:52;;;472.00;34.23;71.69;;;
2024-11-12T00:40:54;;0.00;;;;46.00;29.46;0.00
2024-11-12T00:45:46;;;498.00;34.34;71.69;;;
2024-11-12T00:45:48;;;;;;56.00;29.46;
2024-11-12T00:50:51;0.19;;;;;;;
2024-11-12T00:50:53;;;506.00;34.42;71.92;;;
2024-11-12T00:50:55;;0.00;;;;59.00;29.46;0.00
2024-11-12T00:55:48;;;460.00;34.48;71.65;;;
2024-11-12T00:55:50;;;;;;46.00;29.46;
2024-11-12T01:00:52;;;464.00;34.54;71.49;;;
2024-11-12T01:00:54;;0.00;;;;54.00;29.46;0.00
2024-11-12T01:05:49;;;495.00;34.60;71.60;;;
2024-11-12T01:05:51;;;;;;50.00;29.46;
2024-11-12T01:10:53;0.19;;;;;;;
2024-11-12T01:10:55;;;476.00;34.55;71.64;;;
2024-11-12T01:10:57;;0.00;;;;46.00;29.46;0.00
2024-11-12T01:15:47;;;466.00;34.60;71.60;;;
2024-11-12T01:15:50;;;;;;46.00;29.46;
2024-11-12T01:20:51;;;458.00;34.61;71.55;;;
2024-11-12T01:20:53;;0.00;;;;48.00;29.46;0.00
2024-11-12T01:25:48;;;449.00;34.60;71.62;;;
2024-11-12T01:25:50;;;;;;46.00;29.46;
2024-11-12T01:30:52;0.19;;;;;;;
2024-11-12T01:30:54;;;456.00;34.80;71.53;;;
2024-11-12T01:30:56;;0.00;;;;46.00;29.46;0.00
2024-11-12T01:35:48;;;468.00;34.78;71.65;;;
2024-11-12T01:35:50;;;;;;46.00;29.46;
2024-11-12T01:40:53;;;474.00;34.86;71.49;;;
2024-11-12T01:40:55;;0.00;;;;48.00;29.46;0.00
2024-11-12T01:45:48;;;472.00;34.96;71.49;;;
2024-11-12T01:45:50;;;;;;46.00;29.46;
2024-11-12T01:50:52;0.19;;;;;;;
2024-11-12T01:50:54;;;438.00;35.07;71.60;;;
2024-11-12T01:50:56;;0.00;;;;61.00;29.46;0.00
2024-11-12T01:55:49;;;445.00;35.06;71.49;;;
2024-11-12T01:55:51;;;;;;52.00;29.47;
2024-11-12T02:00:53;;;471.00;34.93;71.49;;;
2024-11-12T02:00:55;;0.00;;;;46.00;29.46;0.00
2024-11-12T02:05:47;;;459.00;35.00;71.24;;;
2024-11-12T02:05:49;;;;;;46.00;29.46;
2024-11-12T02:10:52;0.19;;;;;;;
2024-11-12T02:10:54;;;464.00;35.09;71.49;;;
2024-11-12T02:10:56;;0.00;;;;48.00;29.46;0.00
2024-11-12T02:15:49;;;459.00;35.17;71.51;;;
2024-11-12T02:15:51;;;;;;46.00;29.46;
2024-11-12T02:20:52;;;446.00;35.17;71.24;;;
2024-11-12T02:20:54;;0.00;;;;65.00;29.46;0.00
2024-11-12T02:25:48;;;449.00;35.20;71.20;;;
2024-11-12T02:25:50;;;;;;48.00;29.47;
2024-11-12T02:30:52;0.19;;;;;;;
2024-11-12T02:30:54;;;466.00;35.18;71.49;;;
2024-11-12T02:30:56;;0.00;;;;48.00;29.46;0.00
2024-11-12T02:35:48;;;495.00;35.37;71.47;;;
2024-11-12T02:35:50;;;;;;54.00;29.46;
2024-11-12T02:40:53;;;503.00;35.41;71.49;;;
2024-11-12T02:40:55;;0.00;;;;46.00;29.46;0.00
2024-11-12T02:45:49;;;469.00;35.41;71.29;;;
2024-11-12T02:45:51;;;;;;46.00;29.46;
2024-11-12T02:50:53;0.19;;;;;;;
2024-11-12T02:50:55;;;453.00;35.46;71.42;;;
2024-11-12T02:50:57;;0.00;;;;58.00;29.46;0.00
2024-11-12T02:55:48;;;462.00;35.58;71.38;;;
2024-11-12T02:55:50;;;;;;46.00;29.46;
2024-11-12T03:00:53;;;490.00;35.59;71.22;;;
2024-11-12T03:00:55;;0.00;;;;59.00;29.46;0.00
2024-11-12T03:05:48;;;490.00;35.64;71.24;;;
2024-11-12T03:05:50;;;;;;50.00;29.46;
2024-11-12T03:10:53;0.19;;;;;;;
2024-11-12T03:10:55;;;469.00;35.73;71.15;;;
2024-11-12T03:10:57;;0.00;;;;46.00;29.45;0.00
2024-11-12T03:15:49;;;476.00;35.66;71.24;;;
2024-11-12T03:15:51;;;;;;54.00;29.45;
2024-11-12T03:20:52;;;477.00;35.72;71.17;;;
2024-11-12T03:20:55;;0.00;;;;65.00;29.45;0.00
2024-11-12T03:25:47;;;462.00;35.79;71.28;;;
2024-11-12T03:25:49;;;;;;46.00;29.45;
2024-11-12T03:30:52;0.19;;;;;;;
2024-11-12T03:30:54;;;460.00;35.86;71.04;;;
2024-11-12T03:30:56;;0.00;;;;46.00;29.44;0.00
2024-11-12T03:35:48;;;470.00;35.79;71.02;;;
2024-11-12T03:35:50;;;;;;52.00;29.44;
2024-11-12T03:40:52;;;474.00;35.97;70.90;;;
2024-11-12T03:40:54;;0.00;;;;46.00;29.44;0.00
2024-11-12T03:45:49;;;480.00;35.86;71.29;;;
2024-11-12T03:45:51;;;;;;46.00;29.44;
2024-11-12T03:50:53;0.19;;;;;;;
2024-11-12T03:50:55;;;471.00;36.03;71.02;;;
2024-11-12T03:50:57;;0.00;;;;46.00;29.44;0.00
2024-11-12T03:55:48;;;466.00;35.96;71.01;;;
2024-11-12T03:55:50;;;;;;46.00;29.43;
2024-11-12T04:00:53;;;488.00;35.93;71.10;;;
2024-11-12T04:00:55;;0.00;;;;46.00;29.44;0.00
2024-11-12T04:05:48;;;484.00;35.98;71.02;;;
2024-11-12T04:05:50;;;;;;46.00;29.44;
2024-11-12T04:10:52;0.14;;;;;;;
2024-11-12T04:10:54;;;466.00;35.99;70.97;;;
2024-11-12T04:10:56;;0.00;;;;46.00;29.44;0.00
2024-11-12T04:15:48;;;463.00;36.05;70.97;;;
2024-11-12T04:15:50;;;;;;50.00;29.44;
2024-11-12T04:20:53;;;451.00;36.03;71.15;;;
2024-11-12T04:20:55;;0.00;;;;48.00;29.44;0.00
2024-11-12T04:25:49;;;461.00;36.03;71.02;;;
2024-11-12T04:25:51;;;;;;54.00;29.44;
2024-11-12T04:30:54;0.14;;;;;;;
2024-11-12T04:30:56;;;471.00;35.99;71.02;;;
2024-11-12T04:30:58;;0.00;;;;48.00;29.44;0.00
2024-11-12T04:35:50;;;466.00;36.07;71.02;;;
2024-11-12T04:35:52;;;;;;48.00;29.44;
2024-11-12T04:40:53;;;466.00;36.07;71.02;;;
2024-11-12T04:40:55;;1.00;;;;46.00;29.44;1.00
2024-11-12T04:45:49;;;470.00;36.06;70.81;;;
2024-11-12T04:45:51;;;;;;46.00;29.44;
2024-11-12T04:50:54;0.14;;;;;;;
2024-11-12T04:50:56;;;484.00;36.09;70.83;;;
2024-11-12T04:50:58;;0.00;;;;56.00;29.44;0.00
2024-11-12T04:55:49;;;480.00;36.12;71.02;;;
2024-11-12T04:55:51;;;;;;52.00;29.44;
2024-11-12T05:00:53;;;488.00;36.11;70.81;;;
2024-11-12T05:00:55;;0.00;;;;48.00;29.44;0.00
2024-11-12T05:05:50;;;466.00;36.20;71.13;;;
2024-11-12T05:05:52;;;;;;50.00;29.44;
2024-11-12T05:10:53;0.14;;;;;;;
2024-11-12T05:10:56;;;454.00;36.01;70.90;;;
2024-11-12T05:10:58;;0.00;;;;58.00;29.44;0.00
2024-11-12T05:15:49;;;478.00;36.21;71.02;;;
2024-11-12T05:15:51;;;;;;54.00;29.44;
2024-11-12T05:20:54;;;472.00;36.16;70.83;;;
2024-11-12T05:20:56;;0.00;;;;46.00;29.44;0.00
2024-11-12T05:25:49;;;461.00;36.14;70.84;;;
2024-11-12T05:25:51;;;;;;52.00;29.44;
2024-11-12T05:30:53;0.14;;;;;;;
2024-11-12T05:30:55;;;437.00;36.09;70.90;;;
2024-11-12T05:30:57;;0.00;;;;48.00;29.44;0.00
2024-11-12T05:35:49;;;427.00;36.16;70.81;;;
2024-11-12T05:35:51;;;;;;46.00;29.44;
2024-11-12T05:40:53;;;455.00;36.12;70.81;;;
2024-11-12T05:40:55;;0.00;;;;54.00;29.44;0.00
2024-11-12T05:45:49;;;489.00;36.06;70.45;;;
2024-11-12T05:45:51;;;;;;54.00;29.44;
2024-11-12T05:50:54;0.14;;;;;;;
2024-11-12T05:50:56;;;481.00;36.17;70.81;;;
2024-11-12T05:50:58;;0.00;;;;50.00;29.44;0.00
2024-11-12T05:55:49;;;460.00;36.06;70.81;;;
2024-11-12T05:55:51;;;;;;48.00;29.44;
2024-11-12T06:00:53;;;465.00;36.18;70.81;;;
2024-11-12T06:00:55;;0.00;;;;46.00;29.44;0.00
2024-11-12T06:05:50;;;478.00;36.11;70.57;;;
2024-11-12T06:05:52;;;;;;46.00;29.44;
2024-11-12T06:10:55;0.14;;;;;;;
2024-11-12T06:10:57;;;455.00;35.95;70.81;;;
2024-11-12T06:10:59;;0.00;;;;56.00;29.44;0.00
2024-11-12T06:15:49;;;433.00;35.94;70.81;;;
2024-11-12T06:15:51;;;;;;52.00;29.44;
2024-11-12T06:20:53;;;451.00;35.92;70.57;;;
2024-11-12T06:20:55;;0.00;;;;46.00;29.44;0.00
2024-11-12T06:25:49;;;487.00;35.97;70.81;;;
2024-11-12T06:25:51;;;;;;48.00;29.45;
2024-11-12T06:30:53;0.14;;;;;;;
2024-11-12T06:30:55;;;491.00;35.94;70.39;;;
2024-11-12T06:30:57;;0.00;;;;56.00;29.45;0.00
2024-11-12T06:35:49;;;473.00;35.87;70.57;;;
2024-11-12T06:35:51;;;;;;46.00;29.45;
2024-11-12T06:40:54;;;476.00;35.79;70.81;;;
2024-11-12T06:40:56;;0.00;;;;46.00;29.45;0.00
2024-11-12T06:45:49;;;476.00;35.80;70.81;;;
2024-11-12T06:45:51;;;;;;59.00;29.45;
2024-11-12T06:50:53;0.14;;;;;;;
2024-11-12T06:50:55;;;477.00;35.77;70.81;;;
2024-11-12T06:50:57;;0.00;;;;46.00;29.45;0.00
2024-11-12T06:55:50;;;502.00;35.65;70.36;;;
2024-11-12T06:55:52;;;;;;61.00;29.45;
2024-11-12T07:00:53;;;498.00;35.64;70.57;;;
2024-11-12T07:00:55;;0.00;;;;56.00;29.45;0.00
2024-11-12T07:05:49;;;464.00;35.68;70.81;;;
2024-11-12T07:05:51;;;;;;59.00;29.45;
2024-11-12T07:10:54;0.14;;;;;;;
2024-11-12T07:10:56;;;460.00;35.63;70.81;;;
2024-11-12T07:10:58;;0.00;;;;58.00;29.45;0.00
2024-11-12T07:15:49;;;475.00;35.56;70.39;;;
2024-11-12T07:15:51;;;;;;58.00;29.45;
2024-11-12T07:20:53;;;491.00;35.64;70.45;;;
2024-11-12T07:20:55;;0.00;;;;71.00;29.46;0.00
2024-11-12T07:25:50;;;483.00;35.52;70.57;;;
2024-11-12T07:25:52;;;;;;59.00;29.46;
2024-11-12T07:30:53;0.14;;;;;;;
2024-11-12T07:30:55;;;471.00;35.36;70.12;;;
2024-11-12T07:30:57;;0.00;;;;50.00;29.46;0.00
2024-11-12T07:35:49;;;483.00;35.33;70.36;;;
2024-11-12T07:35:51;;;;;;54.00;29.46;
2024-11-12T07:40:53;;;480.00;35.44;70.36;;;
2024-11-12T07:40:55;;0.00;;;;46.00;29.46;0.00
2024-11-12T07:45:49;;;472.00;35.32;70.12;;;
2024-11-12T07:45:51;;;;;;54.00;29.46;
2024-11-12T07:50:53;0.14;;;;;;;
2024-11-12T07:50:55;;;451.00;35.44;70.36;;;
2024-11-12T07:50:57;;0.00;;;;59.00;29.46;0.00
2024-11-12T07:55:50;;;454.00;35.49;70.12;;;
2024-11-12T07:55:52;;;;;;72.00;29.46;
2024-11-12T08:00:54;;;474.00;35.40;70.23;;;
2024-11-12T08:00:56;;0.00;;;;54.00;29.46;0.00
2024-11-12T08:05:50;;;470.00;35.31;70.36;;;
2024-11-12T08:05:52;;;;;;56.00;29.46;
2024-11-12T08:10:54;0.14;;;;;;;
2024-11-12T08:10:56;;;454.00;35.37;70.12;;;
2024-11-12T08:10:58;;0.00;;;;56.00;29.47;0.00
2024-11-12T08:15:50;;;465.00;35.28;70.36;;;
2024-11-12T08:15:52;;;;;;54.00;29.47;
2024-11-12T08:20:54;;;468.00;35.29;69.91;;;
2024-11-12T08:20:56;;0.00;;;;52.00;29.47;0.00
2024-11-12T08:25:50;;;444.00;35.22;70.00;;;
2024-11-12T08:25:52;;;;;;46.00;29.47;
2024-11-12T08:30:55;0.14;;;;;;;
2024-11-12T08:30:57;;;482.00;35.31;70.00;;;
2024-11-12T08:30:59;;0.00;;;;63.00;29.47;0.00
2024-11-12T08:35:50;;;508.00;35.24;70.00;;;
2024-11-12T08:35:52;;;;;;46.00;29.47;
2024-11-12T08:40:54;;;477.00;35.27;70.23;;;
2024-11-12T08:40:56;;0.00;;;;48.00;29.47;0.00
2024-11-12T08:45:50;;;470.00;35.29;70.00;;;
2024-11-12T08:45:52;;;;;;67.00;29.47;
2024-11-12T08:50:54;0.14;;;;;;;
2024-11-12T08:50:56;;;466.00;35.21;70.14;;;
2024-11-12T08:50:58;;0.00;;;;72.00;29.47;0.00
2024-11-12T08:55:50;;;466.00;35.10;70.00;;;
2024-11-12T08:55:52;;;;;;52.00;29.47;
2024-11-12T09:00:55;;;467.00;35.20;69.91;;;
2024-11-12T09:00:57;;0.00;;;;46.00;29.47;0.00
2024-11-12T09:05:50;;;494.00;35.14;70.07;;;
2024-11-12T09:05:52;;;;;;52.00;29.47;
2024-11-12T09:10:54;0.14;;;;;;;
2024-11-12T09:10:56;;;504.00;35.15;70.05;;;
2024-11-12T09:10:58;;0.00;;;;58.00;29.48;0.00
2024-11-12T09:15:51;;;459.00;35.00;69.96;;;
2024-11-12T09:15:53;;;;;;61.00;29.48;
2024-11-12T09:20:55;;;455.00;35.13;69.91;;;
2024-11-12T09:20:57;;0.00;;;;54.00;29.48;0.00
2024-11-12T09:25:50;;;454.00;35.10;69.91;;;
2024-11-12T09:25:52;;;;;;52.00;29.48;
2024-11-12T09:30:55;0.14;;;;;;;
2024-11-12T09:30:57;;;434.00;35.01;69.91;;;
2024-11-12T09:30:59;;0.00;;;;46.00;29.48;0.00
2024-11-12T09:35:50;;;432.00;34.91;69.91;;;
2024-11-12T09:35:52;;;;;;63.00;29.48;
2024-11-12T09:40:54;;;459.00;34.90;69.91;;;
2024-11-12T09:40:56;;0.00;;;;65.00;29.48;0.00
2024-11-12T09:45:50;;;481.00;34.87;69.80;;;
2024-11-12T09:45:52;;;;;;56.00;29.49;
2024-11-12T09:50:54;0.14;;;;;;;
2024-11-12T09:50:56;;;463.00;34.84;70.00;;;
2024-11-12T09:50:58;;0.00;;;;65.00;29.49;0.00
2024-11-12T09:55:50;;;453.00;34.74;69.67;;;
2024-11-12T09:55:52;;;;;;72.00;29.49;
2024-11-12T10:00:54;;;458.00;34.66;69.91;;;
2024-11-12T10:00:56;;0.00;;;;52.00;29.49;0.00
2024-11-12T10:05:50;;;457.00;34.58;69.78;;;
2024-11-12T10:05:52;;;;;;46.00;29.50;
2024-11-12T10:10:54;0.19;;;;;;;
2024-11-12T10:10:56;;;452.00;34.75;69.78;;;
2024-11-12T10:10:58;;0.00;;;;63.00;29.50;0.00
2024-11-12T10:15:50;;;464.00;34.50;69.44;;;
2024-11-12T10:15:52;;;;;;61.00;29.50;
2024-11-12T10:20:54;;;490.00;34.57;69.91;;;
2024-11-12T10:20:56;;0.00;;;;58.00;29.50;0.00
2024-11-12T10:25:50;;;483.00;34.35;69.78;;;
2024-11-12T10:25:52;;;;;;46.00;29.51;
2024-11-12T10:30:54;0.19;;;;;;;
2024-11-12T10:30:56;;;448.00;34.33;69.91;;;
2024-11-12T10:30:58;;0.00;;;;48.00;29.51;0.00
2024-11-12T10:35:49;;;424.00;34.24;69.78;;;
2024-11-12T10:35:51;;;;;;52.00;29.51;
2024-11-12T10:40:54;;;442.00;34.21;69.67;;;
2024-11-12T10:40:56;;0.00;;;;46.00;29.51;0.00
2024-11-12T10:45:50;;;440.00;34.15;69.67;;;
2024-11-12T10:45:52;;;;;;54.00;29.51;
2024-11-12T10:50:55;0.19;;;;;;;
2024-11-12T10:50:57;;;446.00;34.15;69.44;;;
2024-11-12T10:50:59;;0.00;;;;58.00;29.52;0.00
2024-11-12T10:55:50;;;450.00;34.08;69.85;;;
2024-11-12T10:55:52;;;;;;46.00;29.52;
2024-11-12T11:00:54;;;454.00;34.04;69.71;;;
2024-11-12T11:00:56;;0.00;;;;67.00;29.52;0.00
2024-11-12T11:05:49;;;453.00;33.98;69.44;;;
2024-11-12T11:05:51;;;;;;52.00;29.52;
2024-11-12T11:10:54;0.14;;;;;;;
2024-11-12T11:10:56;;;435.00;33.76;69.44;;;
2024-11-12T11:10:58;;0.00;;;;67.00;29.53;0.00
2024-11-12T11:15:51;;;441.00;33.63;69.42;;;
2024-11-12T11:15:53;;;;;;50.00;29.53;
2024-11-12T11:20:55;;;440.00;33.54;69.67;;;
2024-11-12T11:20:57;;0.00;;;;50.00;29.53;0.00
2024-11-12T11:25:51;;;443.00;33.40;69.42;;;
2024-11-12T11:25:53;;;;;;46.00;29.53;
2024-11-12T11:30:55;0.14;;;;;;;
2024-11-12T11:30:57;;;445.00;33.43;69.44;;;
2024-11-12T11:30:59;;0.00;;;;46.00;29.54;0.00
2024-11-12T11:35:51;;;428.00;33.53;69.49;;;
2024-11-12T11:35:53;;;;;;46.00;29.54;
2024-11-12T11:40:55;;;428.00;33.53;69.51;;;
2024-11-12T11:40:57;;0.00;;;;46.00;29.55;0.00
2024-11-12T11:45:51;;;444.00;33.38;69.44;;;
2024-11-12T11:45:53;;;;;;54.00;29.55;
2024-11-12T11:50:55;0.14;;;;;;;
2024-11-12T11:50:57;;;434.00;33.26;69.40;;;
2024-11-12T11:50:59;;0.00;;;;46.00;29.55;0.00
2024-11-12T11:55:50;;;454.00;33.19;69.44;;;
2024-11-12T11:55:52;;;;;;46.00;29.55;
2024-11-12T12:00:55;;;465.00;33.07;69.17;;;
2024-11-12T12:00:57;;0.00;;;;50.00;29.56;0.00
2024-11-12T12:05:51;;;470.00;33.23;69.33;;;
2024-11-12T12:05:53;;;;;;59.00;29.56;
2024-11-12T12:10:55;0.19;;;;;;;
2024-11-12T12:10:57;;;479.00;33.14;69.39;;;
2024-11-12T12:10:59;;0.00;;;;63.00;29.57;0.00
2024-11-12T12:15:51;;;465.00;33.11;69.33;;;
2024-11-12T12:15:53;;;;;;58.00;29.57;
2024-11-12T12:20:55;;;455.00;33.01;69.42;;;
2024-11-12T12:20:57;;0.00;;;;46.00;29.57;0.00
2024-11-12T12:25:51;;;434.00;32.93;69.39;;;
2024-11-12T12:25:53;;;;;;46.00;29.57;
2024-11-12T12:30:56;0.19;;;;;;;
2024-11-12T12:30:58;;;461.00;33.04;69.44;;;
2024-11-12T12:31;;0.00;;;;46.00;29.58;0.00
2024-11-12T12:35:51;;;465.00;32.87;69.44;;;
2024-11-12T12:35:53;;;;;;54.00;29.58;
2024-11-12T12:40:54;;;448.00;32.96;69.10;;;
2024-11-12T12:40:56;;0.00;;;;61.00;29.59;0.00
2024-11-12T12:45:51;;;454.00;32.92;69.33;;;
2024-11-12T12:45:53;;;;;;63.00;29.59;
2024-11-12T12:50:55;0.19;;;;;;;
2024-11-12T12:50:57;;;459.00;32.93;69.21;;;
2024-11-12T12:50:59;;0.00;;;;72.00;29.60;0.00
2024-11-12T12:55:50;;;447.00;32.95;69.42;;;
2024-11-12T12:55:52;;;;;;59.00;29.60;
2024-11-12T13:00:55;;;456.00;33.00;69.49;;;
2024-11-12T13:00:57;;0.00;;;;61.00;29.62;0.00
2024-11-12T13:05:51;;;481.00;32.85;69.44;;;
2024-11-12T13:05:53;;;;;;76.00;29.62;
2024-11-12T13:10:55;0.24;;;;;;;
2024-11-12T13:10:57;;;455.00;32.82;69.39;;;
2024-11-12T13:10:59;;0.00;;;;61.00;29.63;0.00
2024-11-12T13:15:51;;;446.00;32.75;69.33;;;
2024-11-12T13:15:53;;;;;;76.00;29.63;
2024-11-12T13:20:55;;;434.00;32.54;69.33;;;
2024-11-12T13:20:57;;0.00;;;;71.00;29.63;0.00
2024-11-12T13:25:50;;;435.00;32.42;69.51;;;
2024-11-12T13:25:52;;;;;;71.00;29.63;
2024-11-12T13:30:55;0.24;;;;;;;
2024-11-12T13:30:57;;;459.00;32.22;69.39;;;
2024-11-12T13:30:59;;0.00;;;;78.00;29.64;0.00
2024-11-12T13:35:51;;;467.00;32.06;69.33;;;
2024-11-12T13:35:53;;;;;;86.00;29.64;
2024-11-12T13:40:55;;;456.00;31.85;69.44;;;
2024-11-12T13:40:57;;0.00;;;;80.00;29.64;0.00
2024-11-12T13:45:51;;;431.00;31.56;69.21;;;
2024-11-12T13:45:53;;;;;;86.00;29.65;
2024-11-12T13:50:55;0.24;;;;;;;
2024-11-12T13:50:57;;;437.00;31.21;69.44;;;
2024-11-12T13:50:59;;0.00;;;;71.00;29.65;0.00
2024-11-12T13:55:51;;;456.00;31.03;69.21;;;
2024-11-12T13:55:53;;;;;;80.00;29.66;
2024-11-12T14:00:54;;;463.00;30.99;69.33;;;
2024-11-12T14:00:56;;0.00;;;;82.00;29.66;0.00
2024-11-12T14:05:51;;;447.00;30.78;69.42;;;
2024-11-12T14:05:53;;;;;;93.00;29.66;
2024-11-12T14:10:55;0.19;;;;;;;
2024-11-12T14:10:57;;;427.00;30.65;69.44;;;
2024-11-12T14:10:59;;0.00;;;;91.00;29.66;0.00
2024-11-12T14:15:50;;;425.00;30.48;69.39;;;
2024-11-12T14:15:52;;;;;;89.00;29.67;
2024-11-12T14:20:55;;;433.00;30.43;69.21;;;
2024-11-12T14:20:57;;0.00;;;;80.00;29.67;0.00
2024-11-12T14:25:51;;;441.00;30.16;69.44;;;
2024-11-12T14:25:53;;;;;;72.00;29.67;
2024-11-12T14:30:54;0.19;;;;;;;
2024-11-12T14:30:56;;;451.00;30.25;69.46;;;
2024-11-12T14:30:58;;0.00;;;;89.00;29.67;0.00
2024-11-12T14:35:53;;;431.00;29.97;69.51;;;
2024-11-12T14:35:55;;;;;;82.00;29.67;
2024-11-12T14:40:57;;;415.00;29.79;69.67;;;
2024-11-12T14:40:59;;0.00;;;;80.00;29.67;0.00
2024-11-12T14:45:51;;;422.00;29.73;69.39;;;
2024-11-12T14:45:53;;;;;;82.00;29.67;
2024-11-12T14:50:56;0.19;;;;;;;
2024-11-12T14:50:58;;;451.00;29.63;69.49;;;
2024-11-12T14:51;;0.00;;;;84.00;29.68;0.00
2024-11-12T14:55:52;;;467.00;29.53;69.49;;;
2024-11-12T14:55:54;;;;;;86.00;29.68;
2024-11-12T15:00:55;;;454.00;29.35;69.62;;;
2024-11-12T15:00:57;;0.00;;;;89.00;29.68;0.00
2024-11-12T15:05:52;;;501.00;28.70;69.67;;;
2024-11-12T15:05:54;;;;;;88.00;29.68;
2024-11-12T15:10:56;0.19;;;;;;;
2024-11-12T15:10:58;;;509.00;28.36;69.44;;;
2024-11-12T15:11;;0.00;;;;95.00;29.69;0.00
2024-11-12T15:15:51;;;515.00;28.09;69.33;;;
2024-11-12T15:15:53;;;;;;93.00;29.69;
2024-11-12T15:20:56;;;548.00;27.60;69.44;;;
2024-11-12T15:20:58;;0.00;;;;135.00;29.69;0.00
2024-11-12T15:25:52;;;532.00;27.29;69.57;;;
2024-11-12T15:25:54;;;;;;84.00;29.70;
2024-11-12T15:30:56;0.19;;;;;;;
2024-11-12T15:30:58;;;504.00;26.91;69.33;;;
2024-11-12T15:31;;0.00;;;;84.00;29.71;0.00
2024-11-12T15:35:52;;;479.00;26.89;69.46;;;
2024-11-12T15:35:54;;;;;;95.00;29.71;
2024-11-12T15:40:57;;;491.00;27.10;69.42;;;
2024-11-12T15:40:59;;0.00;;;;119.00;29.71;0.00
2024-11-12T15:45:51;;;515.00;27.10;69.55;;;
2024-11-12T15:45:53;;;;;;89.00;29.71;
2024-11-12T15:50:55;0.19;;;;;;;
2024-11-12T15:50:57;;;542.00;27.06;69.91;;;
2024-11-12T15:50:59;;0.00;;;;138.00;29.72;0.00
2024-11-12T15:55:52;;;543.00;26.95;69.91;;;
2024-11-12T15:55:54;;;;;;198.00;29.72;
2024-11-12T16:00:56;;;551.00;26.81;69.91;;;
2024-11-12T16:00:58;;0.00;;;;205.00;29.72;0.00
2024-11-12T16:05:52;;;579.00;26.54;69.67;;;
2024-11-12T16:05:54;;;;;;150.00;29.72;
2024-11-12T16:10:57;0.19;;;;;;;
2024-11-12T16:10:59;;;566.00;26.51;69.91;;;
2024-11-12T16:11:01;;0.00;;;;256.00;29.72;0.00
2024-11-12T16:15:52;;;562.00;26.54;69.91;;;
2024-11-12T16:15:54;;;;;;198.00;29.73;
2024-11-12T16:20:55;;;558.00;26.35;69.94;;;
2024-11-12T16:20:57;;0.00;;;;232.00;29.73;0.00
2024-11-12T16:25:52;;;548.00;26.25;69.87;;;
2024-11-12T16:25:54;;;;;;172.00;29.73;
2024-11-12T16:30:56;0.19;;;;;;;
2024-11-12T16:30:58;;;544.00;26.00;70.00;;;
2024-11-12T16:31;;0.00;;;;229.00;29.73;0.00
2024-11-12T16:35:51;;;510.00;25.80;70.00;;;
2024-11-12T16:35:53;;;;;;201.00;29.74;
2024-11-12T16:40:56;;;512.00;25.67;69.94;;;
2024-11-12T16:40:58;;0.00;;;;232.00;29.74;0.00
2024-11-12T16:45:52;;;551.00;25.75;69.94;;;
2024-11-12T16:45:54;;;;;;236.00;29.73;
2024-11-12T16:50:55;0.19;;;;;;;
2024-11-12T16:50:57;;;570.00;25.34;70.11;;;
2024-11-12T16:50:59;;0.00;;;;239.00;29.74;0.00
2024-11-12T16:55:51;;;547.00;25.26;69.91;;;
2024-11-12T16:55:53;;;;;;184.00;29.74;
2024-11-12T17:00:56;;;503.00;24.97;69.91;;;
2024-11-12T17:00:58;;0.00;;;;201.00;29.74;0.00
2024-11-12T17:05:51;;;490.00;24.89;69.67;;;
2024-11-12T17:05:53;;;;;;208.00;29.74;
2024-11-12T17:10:56;0.19;;;;;;;
2024-11-12T17:10:58;;;468.00;25.02;69.91;;;
2024-11-12T17:11;;0.00;;;;215.00;29.74;0.00
2024-11-12T17:15:52;;;455.00;25.14;69.91;;;
2024-11-12T17:15:54;;;;;;256.00;29.74;
2024-11-12T17:20:55;;;451.00;25.03;69.78;;;
2024-11-12T17:20:57;;0.00;;;;322.00;29.75;0.00
2024-11-12T17:25:51;;;442.00;24.67;69.91;;;
2024-11-12T17:25:53;;;;;;208.00;29.74;
2024-11-12T17:30:56;0.19;;;;;;;
2024-11-12T17:30:58;;;473.00;24.60;69.91;;;
2024-11-12T17:31;;0.00;;;;148.00;29.75;0.00
2024-11-12T17:35:52;;;473.00;24.56;69.91;;;
2024-11-12T17:35:54;;;;;;205.00;29.75;
2024-11-12T17:40:56;;;439.00;24.81;69.91;;;
2024-11-12T17:40:58;;0.00;;;;212.00;29.75;0.00
2024-11-12T17:45:52;;;440.00;24.60;69.67;;;
2024-11-12T17:45:54;;;;;;229.00;29.76;
2024-11-12T17:50:56;0.19;;;;;;;
2024-11-12T17:50:58;;;465.00;24.67;70.07;;;
2024-11-12T17:51;;0.00;;;;239.00;29.76;0.00
2024-11-12T17:55:51;;;472.00;24.61;70.36;;;
2024-11-12T17:55:53;;;;;;287.00;29.76;
2024-11-12T18:00:56;;;482.00;24.38;69.67;;;
2024-11-12T18:00:58;;0.00;;;;118.00;29.76;0.00
2024-11-12T18:05:52;;;488.00;24.61;69.21;;;
2024-11-12T18:05:54;;;;;;219.00;29.76;
2024-11-12T18:10:56;0.19;;;;;;;
2024-11-12T18:10:58;;;485.00;24.66;69.24;;;
2024-11-12T18:11;;0.00;;;;232.00;29.76;0.00
2024-11-12T18:15:53;;;521.00;24.11;69.06;;;
2024-11-12T18:15:55;;;;;;84.00;29.77;
2024-11-12T18:20:58;;;513.00;24.18;69.22;;;
2024-11-12T18:21;;0.00;;;;65.00;29.77;0.00
2024-11-12T18:25:52;;;501.00;24.14;69.03;;;
2024-11-12T18:25:54;;;;;;72.00;29.77;
2024-11-12T18:30:57;0.19;;;;;;;
2024-11-12T18:30:59;;;515.00;24.15;68.99;;;
2024-11-12T18:31:01;;0.00;;;;106.00;29.78;0.00
2024-11-12T18:35:54;;;511.00;23.90;68.99;;;
2024-11-12T18:35:56;;;;;;71.00;29.78;
2024-11-12T18:40:57;;;522.00;24.08;68.88;;;
2024-11-12T18:40:59;;0.00;;;;59.00;29.78;0.00
2024-11-12T18:45:52;;;570.00;24.11;69.10;;;
2024-11-12T18:45:54;;;;;;56.00;29.79;
2024-11-12T18:50:57;0.19;;;;;;;
2024-11-12T18:50:59;;;582.00;23.99;68.77;;;
2024-11-12T18:51:01;;0.00;;;;46.00;29.79;0.00
2024-11-12T18:55:53;;;555.00;24.05;68.99;;;
2024-11-12T18:55:55;;;;;;54.00;29.79;
2024-11-12T19:00:57;;;515.00;23.89;68.99;;;
2024-11-12T19:00:59;;0.00;;;;59.00;29.79;0.00
2024-11-12T19:05:53;;;494.00;23.81;68.99;;;
2024-11-12T19:05:55;;;;;;58.00;29.79;
2024-11-12T19:10:56;0.19;;;;;;;
2024-11-12T19:10:58;;;487.00;23.78;68.99;;;
2024-11-12T19:11;;0.00;;;;80.00;29.80;0.00
2024-11-12T19:15:53;;;461.00;23.72;68.88;;;
2024-11-12T19:15:55;;;;;;80.00;29.80;
2024-11-12T19:20:58;;;462.00;23.75;68.99;;;
2024-11-12T19:21;;0.00;;;;97.00;29.81;0.00
2024-11-12T19:25:53;;;452.00;23.73;69.21;;;
2024-11-12T19:25:55;;;;;;123.00;29.81;
2024-11-12T19:30:57;0.19;;;;;;;
2024-11-12T19:30:59;;;452.00;23.72;68.99;;;
2024-11-12T19:31:01;;0.00;;;;125.00;29.81;0.00
2024-11-12T19:35:53;;;499.00;23.92;69.21;;;
2024-11-12T19:35:55;;;;;;153.00;29.82;
2024-11-12T19:40:57;;;545.00;23.84;69.44;;;
2024-11-12T19:40:59;;0.00;;;;133.00;29.82;0.00
2024-11-12T19:45:53;;;534.00;23.94;69.21;;;
2024-11-12T19:45:55;;;;;;169.00;29.83;
2024-11-12T19:50:58;0.19;;;;;;;
2024-11-12T19:51;;;540.00;23.95;69.04;;;
2024-11-12T19:51:02;;0.00;;;;273.00;29.84;0.00
2024-11-12T19:55:53;;;550.00;24.06;69.46;;;
2024-11-12T19:55:55;;;;;;253.00;29.83;
2024-11-12T20:00:57;;;544.00;23.88;69.67;;;
2024-11-12T20:00:59;;0.00;;;;152.00;29.83;0.00
2024-11-12T20:05:53;;;538.00;23.55;69.55;;;
2024-11-12T20:05:55;;;;;;114.00;29.84;
2024-11-12T20:10:58;0.19;;;;;;;
2024-11-12T20:11;;;509.00;23.63;69.33;;;
2024-11-12T20:11:02;;0.00;;;;129.00;29.85;0.00
2024-11-12T20:15:53;;;502.00;23.75;69.66;;;
2024-11-12T20:15:55;;;;;;166.00;29.85;
2024-11-12T20:20:57;;;495.00;23.82;69.67;;;
2024-11-12T20:20:59;;0.00;;;;172.00;29.86;0.00
2024-11-12T20:25:53;;;468.00;23.82;69.91;;;
2024-11-12T20:25:55;;;;;;170.00;29.86;
2024-11-12T20:30:57;0.19;;;;;;;
2024-11-12T20:30:59;;;460.00;23.69;70.12;;;
2024-11-12T20:31:01;;0.00;;;;142.00;29.86;0.00
2024-11-12T20:35:52;;;467.00;23.72;70.25;;;
2024-11-12T20:35:54;;;;;;161.00;29.87;
2024-11-12T20:40:57;;;492.00;23.68;70.39;;;
2024-11-12T20:40:59;;0.00;;;;165.00;29.87;0.00
2024-11-12T20:45:53;;;483.00;23.58;70.81;;;
2024-11-12T20:45:55;;;;;;161.00;29.88;
2024-11-12T20:50:57;0.19;;;;;;;
2024-11-12T20:50:59;;;448.00;23.58;70.81;;;
2024-11-12T20:51:01;;0.00;;;;163.00;29.88;0.00
2024-11-12T20:55:53;;;456.00;23.58;70.81;;;
2024-11-12T20:55:55;;;;;;166.00;29.88;
2024-11-12T21:00:56;;;458.00;23.49;71.02;;;
2024-11-12T21:00:58;;0.00;;;;166.00;29.89;0.00
2024-11-12T21:05:53;;;444.00;23.49;71.02;;;
2024-11-12T21:05:55;;;;;;176.00;29.90;
2024-11-12T21:10:58;0.14;;;;;;;
2024-11-12T21:11;;;444.00;23.35;71.02;;;
2024-11-12T21:11:02;;0.00;;;;166.00;29.90;0.00
2024-11-12T21:15:53;;;453.00;23.59;70.90;;;
2024-11-12T21:15:55;;;;;;184.00;29.91;
2024-11-12T21:20:57;;;457.00;23.58;70.81;;;
2024-11-12T21:20:59;;0.00;;;;232.00;29.91;0.00
2024-11-12T21:25:55;;;486.00;22.88;70.81;;;
2024-11-12T21:25:57;;;;;;138.00;29.91;
2024-11-12T21:30:58;0.14;;;;;;;
2024-11-12T21:31;;;508.00;22.97;70.36;;;
2024-11-12T21:31:02;;0.00;;;;174.00;29.91;0.00
2024-11-12T21:35:53;;;487.00;22.85;69.78;;;
2024-11-12T21:35:55;;;;;;181.00;29.92;
2024-11-12T21:40:57;;;490.00;23.03;69.69;;;
2024-11-12T21:40:59;;0.00;;;;212.00;29.93;0.00
2024-11-12T21:45:54;;;474.00;23.05;69.67;;;
2024-11-12T21:45:56;;;;;;222.00;29.93;
2024-11-12T21:50:58;0.14;;;;;;;
2024-11-12T21:51;;;475.00;23.20;69.21;;;
2024-11-12T21:51:02;;0.00;;;;315.00;29.94;0.00
2024-11-12T21:55:54;;;494.00;23.18;69.39;;;
2024-11-12T21:55:56;;;;;;195.00;29.94;
2024-11-12T22:00:58;;;502.00;22.99;69.28;;;
2024-11-12T22:01;;0.00;;;;138.00;29.95;0.00
2024-11-12T22:05:54;;;504.00;22.94;69.01;;;
2024-11-12T22:05:56;;;;;;148.00;29.95;
2024-11-12T22:10:58;0.14;;;;;;;
2024-11-12T22:11;;;507.00;23.05;68.99;;;
2024-11-12T22:11:02;;0.00;;;;152.00;29.95;0.00
2024-11-12T22:15:54;;;533.00;22.89;68.99;;;
2024-11-12T22:15:56;;;;;;133.00;29.96;
2024-11-12T22:20:58;;;524.00;22.73;68.99;;;
2024-11-12T22:21;;0.00;;;;163.00;29.96;0.00
2024-11-12T22:25:54;;;534.00;22.88;68.65;;;
2024-11-12T22:25:56;;;;;;161.00;29.96;
2024-11-12T22:30:59;0.14;;;;;;;
2024-11-12T22:31:01;;;521.00;22.65;68.88;;;
2024-11-12T22:31:03;;0.00;;;;163.00;29.97;0.00
2024-11-12T22:35:54;;;521.00;22.68;68.58;;;
2024-11-12T22:35:56;;;;;;161.00;29.97;
2024-11-12T22:40:58;;;533.00;22.53;68.83;;;
2024-11-12T22:41;;0.00;;;;277.00;29.97;0.00
2024-11-12T22:45:54;;;524.00;22.43;68.56;;;
2024-11-12T22:45:56;;;;;;264.00;29.98;
2024-11-12T22:50:58;0.14;;;;;;;
2024-11-12T22:51;;;505.00;22.21;68.56;;;
2024-11-12T22:51:02;;0.00;;;;222.00;29.98;0.00
2024-11-12T22:55:54;;;469.00;22.46;68.52;;;
2024-11-12T22:55:56;;;;;;267.00;29.98;
2024-11-12T23:00:58;;;463.00;22.63;68.54;;;
2024-11-12T23:01;;0.00;;;;222.00;29.99;0.00
2024-11-12T23:05:54;;;465.00;22.60;68.99;;;
2024-11-12T23:05:56;;;;;;298.00;29.98;
2024-11-12T23:10:58;0.14;;;;;;;
2024-11-12T23:11;;;471.00;22.70;68.99;;;
2024-11-12T23:11:02;;0.00;;;;242.00;29.99;0.00
2024-11-12T23:15:54;;;478.00;22.49;68.99;;;
2024-11-12T23:15:56;;;;;;232.00;29.99;
2024-11-12T23:20:58;;;462.00;22.55;68.99;;;
2024-11-12T23:21;;0.00;;;;239.00;29.99;0.00
2024-11-12T23:25:54;;;449.00;22.74;68.88;;;
2024-11-12T23:25:56;;;;;;229.00;30.00;
2024-11-12T23:30:58;0.14;;;;;;;
2024-11-12T23:31;;;441.00;22.76;68.77;;;
2024-11-12T23:31:02;;0.00;;;;212.00;30.00;0.00
2024-11-12T23:35:54;;;438.00;22.67;68.59;;;
2024-11-12T23:35:56;;;;;;205.00;30.00;
2024-11-12T23:40:58;;;434.00;22.67;68.58;;;
2024-11-12T23:41;;0.00;;;;225.00;30.00;0.00
2024-11-12T23:45:54;;;441.00;22.73;68.54;;;
2024-11-12T23:45:56;;;;;;205.00;30.00;
2024-11-12T23:50:59;0.14;;;;;;;
2024-11-12T23:51:01;;;436.00;22.71;68.59;;;
2024-11-12T23:51:03;;0.00;;;;181.00;30.00;0.00
2024-11-12T23:55:54;;;441.00;22.67;68.59;;;
2024-11-12T23:55:56;;;;;;176.00;30.00;
2024-11-13T00:00:58;;;458.00;22.64;68.77;;;
2024-11-13T00:01;;0.00;;;;172.00;30.01;0.00
2024-11-13T00:05:54;;;467.00;22.74;68.52;;;
2024-11-13T00:05:56;;;;;;157.00;30.01;
2024-11-13T00:10:58;0.19;;;;;;;
2024-11-13T00:11;;;480.00;22.32;68.65;;;
2024-11-13T00:11:02;;3.00;;;;322.00;30.01;0.00
2024-11-13T00:15:54;;;500.00;22.22;68.92;;;
2024-11-13T00:15:56;;;;;;445.00;30.01;
2024-11-13T00:20:57;;;551.00;21.95;68.65;;;
2024-11-13T00:20:59;;7.00;;;;421.00;30.01;1.00
2024-11-13T00:25:55;;;559.00;22.07;68.54;;;
2024-11-13T00:25:57;;;;;;339.00;30.02;
2024-11-13T00:30:59;0.19;;;;;;;
2024-11-13T00:31:01;;;503.00;21.94;68.77;;;
2024-11-13T00:31:03;;1.00;;;;304.00;30.02;0.00
2024-11-13T00:35:53;;;480.00;22.07;68.88;;;
2024-11-13T00:35:55;;;;;;339.00;30.02;
2024-11-13T00:40:58;;;485.00;22.07;68.77;;;
2024-11-13T00:41;;0.00;;;;342.00;30.02;0.00
2024-11-13T00:45:55;;;481.00;22.00;68.77;;;
2024-11-13T00:45:57;;;;;;301.00;30.03;
2024-11-13T00:50:59;0.19;;;;;;;
2024-11-13T00:51:01;;;488.00;22.16;68.77;;;
2024-11-13T00:51:03;;0.00;;;;332.00;30.03;0.00
2024-11-13T00:55:55;;;469.00;22.12;68.52;;;
2024-11-13T00:55:57;;;;;;315.00;30.03;
2024-11-13T01:00:59;;;461.00;21.98;68.54;;;
2024-11-13T01:01:01;;0.00;;;;277.00;30.03;0.00
2024-11-13T01:05:54;;;483.00;21.99;68.54;;;
2024-11-13T01:05:56;;;;;;219.00;30.03;
2024-11-13T01:10:59;0.19;;;;;;;
2024-11-13T01:11:01;;;463.00;22.00;68.56;;;
2024-11-13T01:11:03;;0.00;;;;239.00;30.04;0.00
2024-11-13T01:15:55;;;453.00;21.94;68.31;;;
2024-11-13T01:15:57;;;;;;208.00;30.04;
2024-11-13T01:20:59;;;465.00;22.03;68.41;;;
2024-11-13T01:21:01;;1.00;;;;219.00;30.04;0.00
2024-11-13T01:25:55;;;464.00;21.94;68.20;;;
2024-11-13T01:25:57;;;;;;187.00;30.04;
2024-11-13T01:30:59;0.19;;;;;;;
2024-11-13T01:31:01;;;464.00;21.95;68.54;;;
2024-11-13T01:31:03;;1.00;;;;232.00;30.04;0.00
2024-11-13T01:35:55;;;460.00;21.80;68.14;;;
2024-11-13T01:35:57;;;;;;198.00;30.05;
2024-11-13T01:40:59;;;487.00;21.89;68.09;;;
2024-11-13T01:41:01;;0.00;;;;172.00;30.05;0.00
2024-11-13T01:45:55;;;489.00;21.60;67.87;;;
2024-11-13T01:45:57;;;;;;208.00;30.05;
2024-11-13T01:50:59;0.19;;;;;;;
2024-11-13T01:51:01;;;485.00;21.88;67.86;;;
2024-11-13T01:51:03;;0.00;;;;178.00;30.04;0.00
2024-11-13T01:55:55;;;499.00;21.78;68.07;;;
2024-11-13T01:55:57;;;;;;225.00;30.05;
2024-11-13T02:01;;;473.00;21.78;67.98;;;
2024-11-13T02:01:02;;0.00;;;;191.00;30.05;0.00
2024-11-13T02:05:55;;;454.00;21.68;68.07;;;
2024-11-13T02:05:57;;;;;;176.00;30.05;
2024-11-13T02:11;0.19;;;;;;;
2024-11-13T02:11:02;;;461.00;21.78;67.98;;;
2024-11-13T02:11:04;;0.00;;;;212.00;30.05;0.00
2024-11-13T02:15:56;;;472.00;21.51;67.98;;;
2024-11-13T02:15:58;;;;;;176.00;30.06;
2024-11-13T02:21;;;460.00;21.70;67.62;;;
2024-11-13T02:21:02;;0.00;;;;170.00;30.06;0.00
2024-11-13T02:25:54;;;454.00;21.54;67.87;;;
2024-11-13T02:25:56;;;;;;191.00;30.06;
2024-11-13T02:30:59;0.19;;;;;;;
2024-11-13T02:31:01;;;499.00;21.63;67.62;;;
2024-11-13T02:31:03;;0.00;;;;201.00;30.07;0.00
2024-11-13T02:35:55;;;483.00;21.51;67.53;;;
2024-11-13T02:35:57;;;;;;159.00;30.07;
2024-11-13T02:40:58;;;440.00;21.45;67.30;;;
2024-11-13T02:41;;0.00;;;;176.00;30.08;0.00
2024-11-13T02:45:55;;;464.00;21.43;67.42;;;
2024-11-13T02:45:57;;;;;;169.00;30.08;
2024-11-13T02:50:59;0.19;;;;;;;
2024-11-13T02:51:01;;;476.00;21.50;67.41;;;
2024-11-13T02:51:03;;0.00;;;;205.00;30.08;0.00
2024-11-13T02:55:54;;;463.00;21.40;67.19;;;
2024-11-13T02:55:56;;;;;;201.00;30.08;
2024-11-13T03:00:59;;;459.00;21.21;67.19;;;
2024-11-13T03:01:01;;0.00;;;;201.00;30.09;0.00
2024-11-13T03:05:55;;;468.00;21.38;67.19;;;
2024-11-13T03:05:57;;;;;;163.00;30.09;
2024-11-13T03:10:59;0.19;;;;;;;
2024-11-13T03:11:01;;;460.00;21.44;67.41;;;
2024-11-13T03:11:03;;0.00;;;;215.00;30.09;0.00
2024-11-13T03:15:54;;;441.00;21.29;67.19;;;
2024-11-13T03:15:56;;;;;;187.00;30.09;
2024-11-13T03:20:59;;;457.00;21.24;67.19;;;
2024-11-13T03:21:01;;0.00;;;;191.00;30.09;0.00
2024-11-13T03:25:54;;;471.00;21.21;67.19;;;
2024-11-13T03:25:56;;;;;;174.00;30.09;
2024-11-13T03:30:59;0.19;;;;;;;
2024-11-13T03:31:01;;;489.00;21.34;67.19;;;
2024-11-13T03:31:03;;0.00;;;;174.00;30.10;0.00
2024-11-13T03:35:55;;;502.00;21.25;66.96;;;
2024-11-13T03:35:57;;;;;;191.00;30.10;
2024-11-13T03:40:59;;;474.00;21.25;66.97;;;
2024-11-13T03:41:01;;0.00;;;;229.00;30.10;0.00
2024-11-13T03:45:54;;;446.00;21.21;67.21;;;
2024-11-13T03:45:56;;;;;;225.00;30.10;
2024-11-13T03:50:59;0.19;;;;;;;
2024-11-13T03:51:01;;;438.00;21.24;67.08;;;
2024-11-13T03:51:03;;0.00;;;;201.00;30.10;0.00
2024-11-13T03:55:55;;;435.00;21.14;66.76;;;
2024-11-13T03:55:57;;;;;;165.00;30.11;
2024-11-13T04:00:58;;;458.00;21.13;66.76;;;
2024-11-13T04:01;;0.00;;;;174.00;30.11;0.00
2024-11-13T04:05:56;;;450.00;21.08;66.97;;;
2024-11-13T04:05:58;;;;;;176.00;30.11;
2024-11-13T04:11;0.19;;;;;;;
2024-11-13T04:11:02;;;448.00;21.08;66.83;;;
2024-11-13T04:11:04;;0.00;;;;166.00;30.11;0.00
2024-11-13T04:15:55;;;492.00;21.22;66.74;;;
2024-11-13T04:15:57;;;;;;201.00;30.11;
2024-11-13T04:21;;;493.00;21.24;66.74;;;
2024-11-13T04:21:02;;0.00;;;;208.00;30.11;0.00
2024-11-13T04:25:56;;;492.00;21.20;66.69;;;
2024-11-13T04:25:58;;;;;;191.00;30.12;
2024-11-13T04:31;0.19;;;;;;;
2024-11-13T04:31:02;;;485.00;21.26;66.52;;;
2024-11-13T04:31:04;;0.00;;;;166.00;30.12;0.00
2024-11-13T04:35:55;;;483.00;21.28;66.33;;;
2024-11-13T04:35:57;;;;;;169.00;30.12;
2024-11-13T04:41;;;502.00;21.49;66.51;;;
2024-11-13T04:41:02;;0.00;;;;170.00;30.12;0.00
2024-11-13T04:45:55;;;518.00;21.44;66.51;;;
2024-11-13T04:45:57;;;;;;191.00;30.12;
2024-11-13T04:51;0.19;;;;;;;
2024-11-13T04:51:02;;;489.00;21.39;66.45;;;
2024-11-13T04:51:04;;0.00;;;;172.00;30.12;0.00
2024-11-13T04:55:56;;;477.00;21.44;66.63;;;
2024-11-13T04:55:58;;;;;;170.00;30.12;
2024-11-13T05:00:59;;;489.00;21.36;66.38;;;
2024-11-13T05:01:02;;0.00;;;;178.00;30.13;0.00
2024-11-13T05:05:55;;;489.00;21.52;66.38;;;
2024-11-13T05:05:57;;;;;;198.00;30.13;
2024-11-13T05:11;0.19;;;;;;;
2024-11-13T05:11:02;;;493.00;21.44;66.33;;;
2024-11-13T05:11:04;;0.00;;;;159.00;30.13;0.00
2024-11-13T05:15:55;;;487.00;21.48;66.29;;;
2024-11-13T05:15:58;;;;;;172.00;30.13;
2024-11-13T05:20:59;;;505.00;21.55;66.18;;;
2024-11-13T05:21:01;;0.00;;;;201.00;30.13;0.00
2024-11-13T05:25:56;;;499.00;21.59;66.29;;;
2024-11-13T05:25:58;;;;;;181.00;30.13;
2024-11-13T05:31;0.19;;;;;;;
2024-11-13T05:31:02;;;476.00;21.59;66.29;;;
2024-11-13T05:31:04;;0.00;;;;195.00;30.13;0.00
2024-11-13T05:35:55;;;455.00;21.65;66.06;;;
2024-11-13T05:35:57;;;;;;163.00;30.13;
2024-11-13T05:41;;;473.00;21.59;66.29;;;
2024-11-13T05:41:02;;0.00;;;;187.00;30.13;0.00
2024-11-13T05:45:56;;;493.00;21.65;66.29;;;
2024-11-13T05:45:58;;;;;;150.00;30.14;
2024-11-13T05:51;0.19;;;;;;;
2024-11-13T05:51:02;;;494.00;21.43;66.06;;;
2024-11-13T05:51:04;;0.00;;;;195.00;30.14;0.00
2024-11-13T05:55:56;;;492.00;21.55;66.38;;;
2024-11-13T05:55:58;;;;;;176.00;30.14;
2024-11-13T06:01;;;487.00;21.65;66.06;;;
2024-11-13T06:01:02;;0.00;;;;176.00;30.14;0.00
2024-11-13T06:05:55;;;501.00;21.65;66.06;;;
2024-11-13T06:05:57;;;;;;176.00;30.14;
2024-11-13T06:11;0.24;;;;;;;
2024-11-13T06:11:02;;;479.00;21.66;66.24;;;
2024-11-13T06:11:04;;1.00;;;;157.00;30.14;0.00
2024-11-13T06:15:56;;;446.00;21.60;65.82;;;
2024-11-13T06:15:58;;;;;;152.00;30.14;
2024-11-13T06:20:59;;;460.00;21.75;66.06;;;
2024-11-13T06:21:01;;0.00;;;;169.00;30.14;0.00
2024-11-13T06:25:56;;;484.00;21.70;66.06;;;
2024-11-13T06:25:58;;;;;;178.00;30.14;
2024-11-13T06:31:01;0.24;;;;;;;
2024-11-13T06:31:03;;;476.00;21.78;65.86;;;
2024-11-13T06:31:05;;0.00;;;;169.00;30.15;0.00
2024-11-13T06:35:55;;;465.00;21.75;66.06;;;
2024-11-13T06:35:57;;;;;;152.00;30.15;
2024-11-13T06:40:59;;;473.00;21.61;66.18;;;
2024-11-13T06:41:01;;0.00;;;;150.00;30.15;0.00
2024-11-13T06:45:56;;;483.00;21.75;65.82;;;
2024-11-13T06:45:58;;;;;;161.00;30.15;
2024-11-13T06:51;0.24;;;;;;;
2024-11-13T06:51:02;;;465.00;21.85;65.79;;;
2024-11-13T06:51:04;;0.00;;;;176.00;30.15;0.00
2024-11-13T06:55:55;;;449.00;21.64;65.82;;;
2024-11-13T06:55:57;;;;;;170.00;30.15;
2024-11-13T07:01;;;458.00;21.75;65.82;;;
2024-11-13T07:01:02;;0.00;;;;163.00;30.15;0.00
2024-11-13T07:05:55;;;459.00;21.75;65.93;;;
2024-11-13T07:05:57;;;;;;148.00;30.15;
2024-11-13T07:10:59;0.24;;;;;;;
2024-11-13T07:11:01;;;461.00;21.75;65.79;;;
2024-11-13T07:11:03;;0.00;;;;174.00;30.15;0.00
2024-11-13T07:15:57;;;502.00;21.58;65.82;;;
2024-11-13T07:15:59;;;;;;150.00;30.16;
2024-11-13T07:21:01;;;496.00;21.75;65.79;;;
2024-11-13T07:21:03;;0.00;;;;146.00;30.16;0.00
2024-11-13T07:25:55;;;484.00;21.67;65.62;;;
2024-11-13T07:25:57;;;;;;161.00;30.16;
2024-11-13T07:31;0.24;;;;;;;
2024-11-13T07:31:02;;;490.00;21.80;65.62;;;
2024-11-13T07:31:04;;0.00;;;;169.00;30.16;0.00
2024-11-13T07:35:57;;;478.00;21.57;65.48;;;
2024-11-13T07:35:59;;;;;;174.00;30.16;
2024-11-13T07:41;;;480.00;21.58;65.75;;;
2024-11-13T07:41:02;;0.00;;;;172.00;30.16;0.00
2024-11-13T07:45:57;;;481.00;21.49;65.80;;;
2024-11-13T07:45:59;;;;;;148.00;30.17;
2024-11-13T07:51:01;0.24;;;;;;;
2024-11-13T07:51:03;;;479.00;21.54;65.61;;;
2024-11-13T07:51:05;;0.00;;;;191.00;30.17;0.00
2024-11-13T07:55:56;;;457.00;21.46;65.79;;;
2024-11-13T07:55:58;;;;;;157.00;30.17;
2024-11-13T08:01;;;468.00;21.53;65.48;;;
2024-11-13T08:01:02;;0.00;;;;176.00;30.17;0.00
2024-11-13T08:05:56;;;473.00;21.47;65.61;;;
2024-11-13T08:05:58;;;;;;172.00;30.17;
2024-11-13T08:11;0.24;;;;;;;
2024-11-13T08:11:02;;;457.00;21.33;65.48;;;
2024-11-13T08:11:04;;0.00;;;;170.00;30.17;0.00
2024-11-13T08:15:57;;;461.00;21.38;65.79;;;
2024-11-13T08:15:59;;;;;;153.00;30.18;
2024-11-13T08:21:02;;;474.00;21.27;65.79;;;
2024-11-13T08:21:04;;0.00;;;;176.00;30.18;0.00
2024-11-13T08:25:56;;;479.00;21.33;65.61;;;
2024-11-13T08:25:58;;;;;;170.00;30.18;
2024-11-13T08:31;0.24;;;;;;;
2024-11-13T08:31:02;;;452.00;21.20;65.61;;;
2024-11-13T08:31:04;;0.00;;;;201.00;30.18;0.00
2024-11-13T08:35:57;;;452.00;21.16;65.80;;;
2024-11-13T08:35:59;;;;;;163.00;30.19;
2024-11-13T08:41;;;498.00;21.18;65.79;;;
2024-11-13T08:41:02;;0.00;;;;176.00;30.19;0.00
2024-11-13T08:45:57;;;532.00;21.11;65.48;;;
2024-11-13T08:45:59;;;;;;176.00;30.19;
2024-11-13T08:51:02;0.24;;;;;;;
2024-11-13T08:51:04;;;510.00;21.14;65.59;;;
2024-11-13T08:51:06;;0.00;;;;155.00;30.19;0.00
2024-11-13T08:55:56;;;491.00;21.18;65.79;;;
2024-11-13T08:55:58;;;;;;181.00;30.20;
2024-11-13T09:01;;;476.00;21.17;65.48;;;
2024-11-13T09:01:02;;0.00;;;;195.00;30.20;0.00
2024-11-13T09:05:57;;;474.00;21.09;65.82;;;
2024-11-13T09:05:59;;;;;;159.00;30.20;
2024-11-13T09:11:01;0.24;;;;;;;
2024-11-13T09:11:03;;;484.00;20.98;65.61;;;
2024-11-13T09:11:05;;0.00;;;;170.00;30.20;0.00
2024-11-13T09:15:56;;;458.00;20.91;65.80;;;
2024-11-13T09:15:58;;;;;;187.00;30.20;
2024-11-13T09:21;;;458.00;21.04;65.61;;;
2024-11-13T09:21:02;;0.00;;;;161.00;30.20;0.00
2024-11-13T09:25:56;;;472.00;20.96;65.48;;;
2024-11-13T09:25:58;;;;;;170.00;30.20;
2024-11-13T09:31;0.24;;;;;;;
2024-11-13T09:31:02;;;459.00;20.97;65.82;;;
2024-11-13T09:31:04;;0.00;;;;174.00;30.21;0.00
2024-11-13T09:35:56;;;471.00;21.01;65.61;;;
2024-11-13T09:35:58;;;;;;201.00;30.21;
2024-11-13T09:41:01;;;487.00;20.80;65.30;;;
2024-11-13T09:41:03;;0.00;;;;170.00;30.21;0.00
2024-11-13T09:45:57;;;459.00;20.74;65.35;;;
2024-11-13T09:45:59;;;;;;155.00;30.21;
2024-11-13T09:51:01;0.24;;;;;;;
2024-11-13T09:51:03;;;474.00;20.76;65.25;;;
2024-11-13T09:51:05;;0.00;;;;166.00;30.22;0.00
2024-11-13T09:55:57;;;494.00;20.81;65.26;;;
2024-11-13T09:55:59;;;;;;133.00;30.21;
2024-11-13T10:01;;;471.00;20.76;65.48;;;
2024-11-13T10:01:02;;0.00;;;;148.00;30.21;0.00
2024-11-13T10:05:56;;;442.00;20.80;65.79;;;
2024-11-13T10:05:58;;;;;;170.00;30.21;
2024-11-13T10:11:01;0.19;;;;;;;
2024-11-13T10:11:03;;;437.00;20.83;65.39;;;
2024-11-13T10:11:05;;0.00;;;;152.00;30.21;0.00
2024-11-13T10:15:56;;;451.00;20.75;65.35;;;
2024-11-13T10:15:58;;;;;;181.00;30.21;
2024-11-13T10:21;;;436.00;20.97;65.25;;;
2024-11-13T10:21:02;;0.00;;;;165.00;30.21;0.00
2024-11-13T10:25:56;;;438.00;20.80;65.37;;;
2024-11-13T10:25:59;;;;;;170.00;30.22;
2024-11-13T10:31;0.19;;;;;;;
2024-11-13T10:31:02;;;458.00;20.80;65.35;;;
2024-11-13T10:31:04;;0.00;;;;150.00;30.23;0.00
2024-11-13T10:35:56;;;479.00;20.93;65.16;;;
2024-11-13T10:35:58;;;;;;165.00;30.23;
2024-11-13T10:41:01;;;476.00;20.71;65.03;;;
2024-11-13T10:41:03;;0.00;;;;170.00;30.23;0.00
2024-11-13T10:45:56;;;448.00;20.95;65.28;;;
2024-11-13T10:45:58;;;;;;155.00;30.24;
2024-11-13T10:51;0.19;;;;;;;
2024-11-13T10:51:02;;;438.00;20.81;65.23;;;
2024-11-13T10:51:04;;0.00;;;;201.00;30.24;0.00
2024-11-13T10:55:58;;;455.00;20.79;65.35;;;
2024-11-13T10:56;;;;;;184.00;30.24;
2024-11-13T11:01:02;;;450.00;20.79;65.39;;;
2024-11-13T11:01:04;;0.00;;;;184.00;30.24;0.00
2024-11-13T11:05:58;;;450.00;20.80;65.34;;;
2024-11-13T11:06;;;;;;161.00;30.24;
2024-11-13T11:11:03;0.19;;;;;;;
2024-11-13T11:11:05;;;454.00;20.33;65.68;;;
2024-11-13T11:11:07;;0.00;;;;166.00;30.25;0.00
2024-11-13T11:15:58;;;446.00;20.17;65.10;;;
2024-11-13T11:16;;;;;;159.00;30.25;
2024-11-13T11:21:02;;;460.00;19.99;65.16;;;
2024-11-13T11:21:04;;0.00;;;;123.00;30.25;0.00
2024-11-13T11:25:57;;;491.00;20.08;65.16;;;
2024-11-13T11:25:59;;;;;;101.00;30.25;
2024-11-13T11:31:02;0.19;;;;;;;
2024-11-13T11:31:04;;;501.00;19.96;64.94;;;
2024-11-13T11:31:06;;0.00;;;;97.00;30.26;0.00
2024-11-13T11:35:58;;;480.00;20.04;64.94;;;
2024-11-13T11:36;;;;;;76.00;30.26;
2024-11-13T11:41:02;;;492.00;20.09;64.87;;;
2024-11-13T11:41:04;;0.00;;;;101.00;30.26;0.00
2024-11-13T11:45:57;;;493.00;20.06;64.81;;;
2024-11-13T11:45:59;;;;;;99.00;30.26;
2024-11-13T11:51:01;0.19;;;;;;;
2024-11-13T11:51:03;;;470.00;20.07;64.69;;;
2024-11-13T11:51:05;;0.00;;;;93.00;30.27;0.00
2024-11-13T11:55:57;;;481.00;19.90;64.81;;;
2024-11-13T11:55:59;;;;;;46.00;30.27;
2024-11-13T12:01:02;;;494.00;20.20;64.69;;;
2024-11-13T12:01:04;;0.00;;;;105.00;30.27;0.00
2024-11-13T12:05:58;;;487.00;20.13;64.81;;;
2024-11-13T12:06;;;;;;97.00;30.27;
2024-11-13T12:11:02;0.14;;;;;;;
2024-11-13T12:11:04;;;489.00;19.98;64.58;;;
2024-11-13T12:11:06;;0.00;;;;71.00;30.27;0.00
2024-11-13T12:15:58;;;483.00;20.10;64.53;;;
2024-11-13T12:16;;;;;;72.00;30.28;
2024-11-13T12:21:02;;;473.00;19.90;64.60;;;
2024-11-13T12:21:04;;0.00;;;;46.00;30.28;0.00
2024-11-13T12:25:58;;;489.00;19.79;64.69;;;
2024-11-13T12:26;;;;;;56.00;30.28;
2024-11-13T12:31:03;0.14;;;;;;;
2024-11-13T12:31:05;;;492.00;20.00;64.47;;;
2024-11-13T12:31:07;;0.00;;;;108.00;30.28;0.00
2024-11-13T12:35:58;;;471.00;19.91;64.81;;;
2024-11-13T12:36;;;;;;148.00;30.28;
2024-11-13T12:41:02;;;476.00;19.88;64.47;;;
2024-11-13T12:41:04;;0.00;;;;123.00;30.28;0.00
2024-11-13T12:45:58;;;468.00;19.91;64.47;;;
2024-11-13T12:46;;;;;;140.00;30.28;
2024-11-13T12:51:02;0.14;;;;;;;
2024-11-13T12:51:04;;;436.00;19.79;64.69;;;
2024-11-13T12:51:06;;0.00;;;;131.00;30.29;0.00
2024-11-13T12:55:57;;;463.00;19.85;64.53;;;
2024-11-13T12:55:59;;;;;;133.00;30.29;
2024-11-13T13:01:01;;;482.00;19.94;64.53;;;
2024-11-13T13:01:03;;0.00;;;;138.00;30.30;0.00
2024-11-13T13:05:57;;;475.00;19.75;64.87;;;
2024-11-13T13:05:59;;;;;;114.00;30.30;
2024-11-13T13:11:01;0.11;;;;;;;
2024-11-13T13:11:03;;;483.00;20.06;64.58;;;
2024-11-13T13:11:05;;0.00;;;;163.00;30.30;0.00
2024-11-13T13:15:58;;;470.00;19.85;64.53;;;
2024-11-13T13:16;;;;;;95.00;30.30;
2024-11-13T13:21:02;;;460.00;19.81;64.53;;;
2024-11-13T13:21:04;;0.00;;;;105.00;30.29;0.00
2024-11-13T13:25:57;;;495.00;19.88;64.62;;;
2024-11-13T13:25:59;;;;;;119.00;30.29;
2024-11-13T13:31:01;0.11;;;;;;;
2024-11-13T13:31:03;;;506.00;19.75;64.58;;;
2024-11-13T13:31:05;;0.00;;;;159.00;30.29;0.00
2024-11-13T13:35:56;;;463.00;19.77;64.69;;;
2024-11-13T13:35:58;;;;;;172.00;30.29;
2024-11-13T13:41:01;;;438.00;19.69;64.69;;;
2024-11-13T13:41:03;;0.00;;;;99.00;30.30;0.00
2024-11-13T13:45:58;;;455.00;19.52;64.81;;;
2024-11-13T13:46;;;;;;54.00;30.30;
2024-11-13T13:51:03;0.11;;;;;;;
2024-11-13T13:51:05;;;504.00;19.64;64.81;;;
2024-11-13T13:51:07;;0.00;;;;110.00;30.30;0.00
2024-11-13T13:55:58;;;515.00;19.68;64.54;;;
2024-11-13T13:56;;;;;;123.00;30.30;
2024-11-13T14:01:02;;;485.00;19.51;64.63;;;
2024-11-13T14:01:04;;0.00;;;;99.00;30.30;0.00
2024-11-13T14:05:57;;;487.00;19.54;64.81;;;
2024-11-13T14:05:59;;;;;;112.00;30.30;
2024-11-13T14:11:02;0.11;;;;;;;
2024-11-13T14:11:04;;;483.00;19.49;64.94;;;
2024-11-13T14:11:06;;0.00;;;;157.00;30.30;0.00
2024-11-13T14:15:59;;;472.00;19.48;64.94;;;
2024-11-13T14:16:01;;;;;;163.00;30.30;
2024-11-13T14:21:03;;;481.00;19.37;64.94;;;
2024-11-13T14:21:05;;0.00;;;;133.00;30.30;0.00
2024-11-13T14:25:59;;;486.00;19.42;64.81;;;
2024-11-13T14:26:01;;;;;;146.00;30.30;
2024-11-13T14:31:03;0.11;;;;;;;
2024-11-13T14:31:05;;;464.00;19.32;64.72;;;
2024-11-13T14:31:07;;0.00;;;;82.00;30.30;0.00
2024-11-13T14:35:59;;;479.00;19.42;64.94;;;
2024-11-13T14:36:01;;;;;;118.00;30.31;
2024-11-13T14:41:03;;;495.00;19.28;65.25;;;
2024-11-13T14:41:05;;0.00;;;;116.00;30.31;0.00
2024-11-13T14:45:59;;;484.00;19.39;65.34;;;
2024-11-13T14:46:01;;;;;;163.00;30.31;
2024-11-13T14:51:03;0.11;;;;;;;
2024-11-13T14:51:05;;;475.00;19.33;65.84;;;
2024-11-13T14:51:07;;0.00;;;;229.00;30.31;0.00
2024-11-13T14:55:57;;;456.00;19.34;66.04;;;
2024-11-13T14:55:59;;;;;;284.00;30.31;
2024-11-13T15:01:02;;;474.00;19.24;65.62;;;
2024-11-13T15:01:04;;0.00;;;;236.00;30.31;0.00
2024-11-13T15:05:59;;;498.00;19.28;65.86;;;
2024-11-13T15:06:01;;;;;;308.00;30.31;
2024-11-13T15:11:03;0.11;;;;;;;
2024-11-13T15:11:05;;;483.00;19.41;65.61;;;
2024-11-13T15:11:07;;0.00;;;;259.00;30.32;0.00
2024-11-13T15:15:59;;;476.00;19.35;65.82;;;
2024-11-13T15:16:01;;;;;;304.00;30.31;
2024-11-13T15:21:03;;;489.00;19.31;65.66;;;
2024-11-13T15:21:05;;0.00;;;;264.00;30.31;0.00
2024-11-13T15:25:58;;;491.00;19.28;65.91;;;
2024-11-13T15:26;;;;;;281.00;30.31;
2024-11-13T15:31:03;0.11;;;;;;;
2024-11-13T15:31:05;;;484.00;19.24;65.61;;;
2024-11-13T15:31:07;;0.00;;;;315.00;30.31;0.00
2024-11-13T15:35:59;;;471.00;19.23;66.13;;;
2024-11-13T15:36:01;;;;;;298.00;30.31;
2024-11-13T15:41:02;;;450.00;19.25;65.79;;;
2024-11-13T15:41:04;;0.00;;;;284.00;30.32;0.00
2024-11-13T15:45:59;;;496.00;18.50;66.29;;;
2024-11-13T15:46:01;;;;;;129.00;30.31;
2024-11-13T15:51:03;0.11;;;;;;;
2024-11-13T15:51:05;;;532.00;18.41;66.74;;;
2024-11-13T15:51:07;;0.00;;;;106.00;30.31;0.00
2024-11-13T15:55:58;;;525.00;18.23;66.76;;;
2024-11-13T15:56;;;;;;165.00;30.31;
2024-11-13T16:01:03;;;509.00;18.47;66.74;;;
2024-11-13T16:01:05;;0.00;;;;176.00;30.31;0.00
2024-11-13T16:05:59;;;492.00;18.05;67.19;;;
2024-11-13T16:06:01;;;;;;181.00;30.30;
2024-11-13T16:11:03;0.11;;;;;;;
2024-11-13T16:11:05;;;516.00;17.81;67.41;;;
2024-11-13T16:11:07;;0.00;;;;259.00;30.30;0.00
2024-11-13T16:15:59;;;530.00;18.00;67.42;;;
2024-11-13T16:16:01;;;;;;301.00;30.30;
2024-11-13T16:21:03;;;535.00;17.87;67.30;;;
2024-11-13T16:21:05;;0.00;;;;264.00;30.30;0.00
2024-11-13T16:25:58;;;526.00;17.90;67.62;;;
2024-11-13T16:26;;;;;;339.00;30.30;
2024-11-13T16:31:03;0.11;;;;;;;
2024-11-13T16:31:05;;;513.00;18.12;67.60;;;
2024-11-13T16:31:07;;0.00;;;;414.00;30.30;0.00
2024-11-13T16:35:59;;;495.00;18.06;67.53;;;
2024-11-13T16:36:01;;;;;;397.00;30.30;
2024-11-13T16:41:03;;;495.00;18.11;67.19;;;
2024-11-13T16:41:05;;0.00;;;;414.00;30.29;0.00
2024-11-13T16:45:58;;;504.00;18.07;67.24;;;
2024-11-13T16:46;;;;;;407.00;30.29;
2024-11-13T16:51:03;0.11;;;;;;;
2024-11-13T16:51:05;;;499.00;18.01;67.21;;;
2024-11-13T16:51:07;;0.00;;;;370.00;30.29;0.00
2024-11-13T16:55:59;;;484.00;17.98;67.24;;;
2024-11-13T16:56:01;;;;;;332.00;30.29;
2024-11-13T17:01:02;;;472.00;18.04;67.19;;;
2024-11-13T17:01:04;;0.00;;;;376.00;30.29;0.00
2024-11-13T17:06;;;486.00;18.20;67.24;;;
2024-11-13T17:06:02;;;;;;380.00;30.29;
2024-11-13T17:11:04;0.19;;;;;;;
2024-11-13T17:11:06;;;501.00;18.02;67.19;;;
2024-11-13T17:11:08;;0.00;;;;376.00;30.28;0.00
2024-11-13T17:15:58;;;519.00;18.07;67.19;;;
2024-11-13T17:16;;;;;;404.00;30.28;
2024-11-13T17:21:03;;;496.00;17.90;67.19;;;
2024-11-13T17:21:05;;0.00;;;;359.00;30.28;0.00
2024-11-13T17:25:59;;;473.00;17.94;67.19;;;
2024-11-13T17:26:01;;;;;;397.00;30.28;
2024-11-13T17:31:02;0.19;;;;;;;
2024-11-13T17:31:04;;;476.00;17.84;67.19;;;
2024-11-13T17:31:06;;0.00;;;;404.00;30.28;0.00
2024-11-13T17:35:59;;;463.00;17.77;67.01;;;
2024-11-13T17:36:01;;;;;;411.00;30.28;
2024-11-13T17:41:03;;;470.00;17.77;67.19;;;
2024-11-13T17:41:05;;0.00;;;;380.00;30.28;0.00
2024-11-13T17:45:59;;;494.00;17.82;66.78;;;
2024-11-13T17:46:01;;;;;;397.00;30.28;
2024-11-13T17:51:04;0.19;;;;;;;
2024-11-13T17:51:06;;;499.00;17.71;67.08;;;
2024-11-13T17:51:08;;0.00;;;;421.00;30.28;0.00
2024-11-13T17:56;;;496.00;17.64;67.19;;;
2024-11-13T17:56:02;;;;;;387.00;30.27;
2024-11-13T18:01:03;;;503.00;17.61;66.78;;;
2024-11-13T18:01:05;;0.00;;;;345.00;30.27;0.00
2024-11-13T18:06;;;505.00;17.66;66.97;;;
2024-11-13T18:06:02;;;;;;345.00;30.27;
2024-11-13T18:11:04;0.24;;;;;;;
2024-11-13T18:11:06;;;487.00;16.93;67.19;;;
2024-11-13T18:11:08;;0.00;;;;281.00;30.27;0.00
2024-11-13T18:16;;;483.00;16.52;67.24;;;
2024-11-13T18:16:02;;;;;;273.00;30.27;
2024-11-13T18:21:04;;;463.00;16.29;67.53;;;
2024-11-13T18:21:06;;0.00;;;;325.00;30.27;0.00
2024-11-13T18:26;;;450.00;16.67;67.66;;;
2024-11-13T18:26:02;;;;;;342.00;30.27;
2024-11-13T18:31:04;0.24;;;;;;;
2024-11-13T18:31:06;;;486.00;16.58;67.87;;;
2024-11-13T18:31:08;;0.00;;;;390.00;30.26;0.00
2024-11-13T18:35:59;;;519.00;16.40;67.87;;;
2024-11-13T18:36:01;;;;;;404.00;30.26;
2024-11-13T18:41:04;;;526.00;16.51;67.87;;;
2024-11-13T18:41:06;;0.00;;;;414.00;30.26;0.00
2024-11-13T18:45:59;;;494.00;16.51;67.98;;;
2024-11-13T18:46:01;;;;;;435.00;30.26;
2024-11-13T18:51:03;0.24;;;;;;;
2024-11-13T18:51:05;;;466.00;16.37;67.87;;;
2024-11-13T18:51:07;;0.00;;;;445.00;30.26;0.00
2024-11-13T18:56;;;477.00;16.46;67.86;;;
2024-11-13T18:56:02;;;;;;459.00;30.26;
2024-11-13T19:01:04;;;488.00;16.49;67.98;;;
2024-11-13T19:01:06;;0.00;;;;497.00;30.25;0.00
2024-11-13T19:05:59;;;486.00;16.45;68.11;;;
2024-11-13T19:06:01;;;;;;520.00;30.26;
2024-11-13T19:11:04;0.24;;;;;;;
2024-11-13T19:11:06;;;496.00;16.51;68.31;;;
2024-11-13T19:11:08;;0.00;;;;476.00;30.26;0.00
2024-11-13T19:16;;;499.00;16.56;68.07;;;
2024-11-13T19:16:02;;;;;;470.00;30.26;
2024-11-13T19:21:03;;;503.00;16.45;67.87;;;
2024-11-13T19:21:05;;0.00;;;;470.00;30.26;0.00
2024-11-13T19:26;;;487.00;16.40;68.20;;;
2024-11-13T19:26:02;;;;;;445.00;30.26;
2024-11-13T19:31:04;0.24;;;;;;;
2024-11-13T19:31:06;;;442.00;16.30;68.14;;;
2024-11-13T19:31:08;;0.00;;;;487.00;30.26;0.00
2024-11-13T19:35:59;;;457.00;16.30;68.20;;;
2024-11-13T19:36:01;;;;;;459.00;30.26;
2024-11-13T19:41:04;;;476.00;16.27;68.09;;;
2024-11-13T19:41:06;;0.00;;;;456.00;30.26;0.00
2024-11-13T19:46;;;479.00;16.20;68.09;;;
2024-11-13T19:46:02;;;;;;465.00;30.26;
2024-11-13T19:51:03;0.24;;;;;;;
2024-11-13T19:51:05;;;474.00;16.30;68.09;;;
2024-11-13T19:51:07;;0.00;;;;479.00;30.26;0.00
2024-11-13T19:55:59;;;466.00;16.18;68.43;;;
2024-11-13T19:56:01;;;;;;462.00;30.26;
2024-11-13T20:01:04;;;487.00;16.26;68.43;;;
2024-11-13T20:01:06;;0.00;;;;448.00;30.26;0.00
2024-11-13T20:05:59;;;472.00;16.24;68.54;;;
2024-11-13T20:06:01;;;;;;431.00;30.26;
2024-11-13T20:11:04;0.24;;;;;;;
2024-11-13T20:11:06;;;489.00;16.08;68.77;;;
2024-11-13T20:11:08;;0.00;;;;445.00;30.26;0.00
2024-11-13T20:16;;;489.00;15.99;68.63;;;
2024-11-13T20:16:02;;;;;;445.00;30.26;
2024-11-13T20:21:03;;;496.00;15.98;68.99;;;
2024-11-13T20:21:05;;0.00;;;;462.00;30.26;0.00
2024-11-13T20:25:59;;;503.00;15.83;68.83;;;
2024-11-13T20:26:01;;;;;;456.00;30.27;
2024-11-13T20:31:04;0.24;;;;;;;
2024-11-13T20:31:06;;;471.00;15.58;68.79;;;
2024-11-13T20:31:08;;0.00;;;;459.00;30.26;0.00
2024-11-13T20:35:59;;;479.00;15.76;68.88;;;
2024-11-13T20:36:01;;;;;;431.00;30.26;
2024-11-13T20:41:03;;;467.00;15.59;69.10;;;
2024-11-13T20:41:05;;0.00;;;;470.00;30.26;0.00
2024-11-13T20:46;;;466.00;15.53;69.21;;;
2024-11-13T20:46:02;;;;;;459.00;30.26;
2024-11-13T20:51:04;0.24;;;;;;;
2024-11-13T20:51:06;;;489.00;15.51;69.39;;;
2024-11-13T20:51:08;;0.00;;;;435.00;30.26;0.00
2024-11-13T20:55:59;;;487.00;15.38;69.21;;;
2024-11-13T20:56:01;;;;;;459.00;30.26;
2024-11-13T21:01:04;;;469.00;15.21;69.22;;;
2024-11-13T21:01:06;;0.00;;;;452.00;30.26;0.00
2024-11-13T21:06:01;;;478.00;15.29;69.21;;;
2024-11-13T21:06:03;;;;;;483.00;30.26;
2024-11-13T21:11:05;0.24;;;;;;;
2024-11-13T21:11:07;;;484.00;15.34;69.33;;;
2024-11-13T21:11:09;;0.00;;;;465.00;30.26;0.00
2024-11-13T21:16;;;462.00;14.91;69.04;;;
2024-11-13T21:16:02;;;;;;500.00;30.26;
2024-11-13T21:21:05;;;485.00;14.83;69.22;;;
2024-11-13T21:21:07;;0.00;;;;565.00;30.27;0.00
2024-11-13T21:26;;;521.00;14.88;69.33;;;
2024-11-13T21:26:02;;;;;;556.00;30.26;
2024-11-13T21:31:05;0.24;;;;;;;
2024-11-13T21:31:07;;;497.00;15.08;68.99;;;
2024-11-13T21:31:09;;0.00;;;;508.00;30.26;0.00
2024-11-13T21:36:01;;;461.00;14.96;69.21;;;
2024-11-13T21:36:03;;;;;;538.00;30.26;
2024-11-13T21:41:04;;;471.00;15.01;68.74;;;
2024-11-13T21:41:06;;0.00;;;;534.00;30.26;0.00
2024-11-13T21:46;;;489.00;14.92;68.77;;;
2024-11-13T21:46:02;;;;;;520.00;30.26;
2024-11-13T21:51:05;0.24;;;;;;;
2024-11-13T21:51:07;;;508.00;14.98;68.77;;;
2024-11-13T21:51:09;;0.00;;;;548.00;30.27;0.00
2024-11-13T21:56;;;513.00;14.72;68.77;;;
2024-11-13T21:56:02;;;;;;500.00;30.27;
2024-11-13T22:01:04;;;500.00;14.87;68.54;;;
2024-11-13T22:01:06;;0.00;;;;561.00;30.27;0.00
2024-11-13T22:06:01;;;496.00;14.92;68.31;;;
2024-11-13T22:06:03;;;;;;561.00;30.27;
2024-11-13T22:11:04;0.30;;;;;;;
2024-11-13T22:11:06;;;474.00;14.80;68.11;;;
2024-11-13T22:11:08;;0.00;;;;543.00;30.27;0.00
2024-11-13T22:16;;;487.00;14.82;68.32;;;
2024-11-13T22:16:02;;;;;;512.00;30.27;
2024-11-13T22:21:05;;;487.00;14.79;68.14;;;
2024-11-13T22:21:07;;0.00;;;;500.00;30.27;0.00
2024-11-13T22:26;;;481.00;14.82;68.20;;;
2024-11-13T22:26:02;;;;;;487.00;30.27;
2024-11-13T22:31:04;0.30;;;;;;;
2024-11-13T22:31:06;;;518.00;14.82;68.07;;;
2024-11-13T22:31:08;;0.00;;;;592.00;30.27;0.00
2024-11-13T22:36;;;512.00;14.91;67.87;;;
2024-11-13T22:36:02;;;;;;587.00;30.27;
2024-11-13T22:41:04;;;485.00;14.87;67.96;;;
2024-11-13T22:41:06;;0.00;;;;592.00;30.27;0.00
2024-11-13T22:46;;;485.00;14.90;67.98;;;
2024-11-13T22:46:02;;;;;;623.00;30.27;
2024-11-13T22:51:05;0.30;;;;;;;
2024-11-13T22:51:07;;;490.00;14.74;67.69;;;
2024-11-13T22:51:09;;0.00;;;;650.00;30.27;0.00
2024-11-13T22:56:01;;;484.00;14.85;67.66;;;
2024-11-13T22:56:03;;;;;;597.00;30.27;
2024-11-13T23:01:05;;;463.00;14.73;67.69;;;
2024-11-13T23:01:07;;0.00;;;;619.00;30.27;0.00
2024-11-13T23:06;;;475.00;14.77;67.64;;;
2024-11-13T23:06:02;;;;;;592.00;30.27;
2024-11-13T23:11:05;0.30;;;;;;;
2024-11-13T23:11:07;;;486.00;14.83;67.39;;;
2024-11-13T23:11:09;;0.00;;;;561.00;30.27;0.00
2024-11-13T23:16:01;;;467.00;14.83;67.41;;;
2024-11-13T23:16:03;;;;;;504.00;30.27;
2024-11-13T23:21:05;;;471.00;14.85;67.37;;;
2024-11-13T23:21:07;;0.00;;;;538.00;30.27;0.00
2024-11-13T23:26:01;;;472.00;14.79;67.41;;;
2024-11-13T23:26:03;;;;;;574.00;30.27;
2024-11-13T23:31:05;0.30;;;;;;;
2024-11-13T23:31:07;;;488.00;14.77;67.39;;;
2024-11-13T23:31:09;;0.00;;;;592.00;30.27;0.00
2024-11-13T23:36:01;;;490.00;15.01;67.41;;;
2024-11-13T23:36:03;;;;;;597.00;30.27;
2024-11-13T23:41:06;;;482.00;14.91;67.41;;;
2024-11-13T23:41:08;;0.00;;;;632.00;30.27;0.00
2024-11-13T23:46:01;;;465.00;14.96;67.08;;;
2024-11-13T23:46:03;;;;;;615.00;30.27;
2024-11-13T23:51:05;0.30;;;;;;;
2024-11-13T23:51:07;;;475.00;14.88;67.19;;;
2024-11-13T23:51:09;;0.00;;;;686.00;30.27;0.00
2024-11-13T23:56;;;501.00;14.86;66.97;;;
2024-11-13T23:56:02;;;;;;681.00;30.27;
2024-11-14T00:01:04;;;502.00;15.04;67.19;;;
2024-11-14T00:01:06;;0.00;;;;676.00;30.27;0.00
2024-11-14T00:06;;;509.00;14.99;66.97;;;
2024-11-14T00:06:02;;;;;;721.00;30.27;
2024-11-14T00:11:05;0.19;;;;;;;
2024-11-14T00:11:07;;;516.00;15.01;66.74;;;
2024-11-14T00:11:09;;0.00;;;;726.00;30.27;0.00
2024-11-14T00:16;;;486.00;14.82;66.67;;;
2024-11-14T00:16:02;;;;;;698.00;30.27;
2024-11-14T00:21:04;;;460.00;15.13;66.94;;;
2024-11-14T00:21:06;;0.00;;;;698.00;30.27;0.00
2024-11-14T00:26:02;;;484.00;15.06;66.72;;;
2024-11-14T00:26:04;;;;;;676.00;30.27;
2024-11-14T00:31:06;0.19;;;;;;;
2024-11-14T00:31:08;;;492.00;15.03;66.52;;;
2024-11-14T00:31:11;;1.00;;;;681.00;30.27;1.00
2024-11-14T00:36:01;;;499.00;15.15;66.74;;;
2024-11-14T00:36:03;;;;;;708.00;30.27;
2024-11-14T00:41:05;;;511.00;15.15;66.38;;;
2024-11-14T00:41:07;;1.00;;;;712.00;30.27;1.00
2024-11-14T00:46:01;;;518.00;15.15;66.33;;;
2024-11-14T00:46:03;;;;;;659.00;30.27;
2024-11-14T00:51:05;0.19;;;;;;;
2024-11-14T00:51:07;;;505.00;15.08;66.63;;;
2024-11-14T00:51:09;;0.00;;;;704.00;30.27;0.00
2024-11-14T00:56:01;;;503.00;15.08;66.51;;;
2024-11-14T00:56:03;;;;;;698.00;30.27;
2024-11-14T01:01:05;;;497.00;15.14;66.31;;;
2024-11-14T01:01:07;;0.00;;;;734.00;30.27;0.00
2024-11-14T01:06:01;;;491.00;15.28;66.06;;;
2024-11-14T01:06:03;;;;;;716.00;30.27;
2024-11-14T01:11:05;0.19;;;;;;;
2024-11-14T01:11:07;;;503.00;15.25;66.38;;;
2024-11-14T01:11:09;;0.00;;;;712.00;30.27;0.00
2024-11-14T01:16:01;;;511.00;15.20;66.29;;;
2024-11-14T01:16:03;;;;;;663.00;30.27;
2024-11-14T01:21:05;;;515.00;15.25;66.06;;;
2024-11-14T01:21:07;;0.00;;;;659.00;30.27;0.00
2024-11-14T01:26:02;;;510.00;15.25;65.82;;;
2024-11-14T01:26:04;;;;;;659.00;30.28;
2024-11-14T01:31:07;0.19;;;;;;;
2024-11-14T01:31:09;;;497.00;15.25;66.06;;;
2024-11-14T01:31:11;;0.00;;;;726.00;30.27;0.00
2024-11-14T01:36:01;;;508.00;15.41;66.06;;;
2024-11-14T01:36:03;;;;;;716.00;30.27;
2024-11-14T01:41:05;;;520.00;15.02;65.82;;;
2024-11-14T01:41:07;;1.00;;;;716.00;30.27;0.00
2024-11-14T01:46:01;;;513.00;14.65;65.61;;;
2024-11-14T01:46:03;;;;;;627.00;30.27;
2024-11-14T01:51:05;0.19;;;;;;;
2024-11-14T01:51:07;;;491.00;14.57;65.44;;;
2024-11-14T01:51:09;;0.00;;;;605.00;30.27;0.00
2024-11-14T01:56:01;;;481.00;14.60;65.41;;;
2024-11-14T01:56:03;;;;;;601.00;30.28;
2024-11-14T02:01:05;;;495.00;14.48;65.41;;;
2024-11-14T02:01:07;;0.00;;;;637.00;30.27;0.00
2024-11-14T02:06:01;;;493.00;14.51;65.34;;;
2024-11-14T02:06:03;;;;;;556.00;30.27;
2024-11-14T02:11:05;0.19;;;;;;;
2024-11-14T02:11:07;;;523.00;14.42;65.16;;;
2024-11-14T02:11:09;;0.00;;;;561.00;30.28;0.00
2024-11-14T02:16:01;;;523.00;14.49;65.16;;;
2024-11-14T02:16:03;;;;;;543.00;30.28;
2024-11-14T02:21:05;;;473.00;14.42;65.05;;;
2024-11-14T02:21:07;;0.00;;;;520.00;30.28;0.00
2024-11-14T02:26:01;;;502.00;14.52;64.94;;;
2024-11-14T02:26:03;;;;;;470.00;30.28;
2024-11-14T02:31:05;0.19;;;;;;;
2024-11-14T02:31:07;;;518.00;14.50;64.92;;;
2024-11-14T02:31:09;;1.00;;;;414.00;30.28;1.00
2024-11-14T02:36:02;;;499.00;14.57;64.98;;;
2024-11-14T02:36:04;;;;;;500.00;30.27;
2024-11-14T02:41:06;;;517.00;14.53;65.10;;;
2024-11-14T02:41:08;;0.00;;;;448.00;30.28;0.00
2024-11-14T02:46:01;;;535.00;14.46;64.94;;;
2024-11-14T02:46:03;;;;;;390.00;30.27;
2024-11-14T02:51:06;0.19;;;;;;;
2024-11-14T02:51:08;;;515.00;14.53;65.16;;;
2024-11-14T02:51:10;;0.00;;;;390.00;30.27;0.00
2024-11-14T02:56:01;;;499.00;14.64;64.76;;;
2024-11-14T02:56:03;;;;;;459.00;30.27;
2024-11-14T03:01:05;;;496.00;14.48;64.81;;;
2024-11-14T03:01:07;;0.00;;;;335.00;30.27;0.00
2024-11-14T03:06:01;;;495.00;14.68;64.81;;;
2024-11-14T03:06:03;;;;;;267.00;30.27;
2024-11-14T03:11:05;0.19;;;;;;;
2024-11-14T03:11:07;;;509.00;14.65;64.65;;;
2024-11-14T03:11:09;;0.00;;;;362.00;30.27;0.00
2024-11-14T03:16:02;;;479.00;14.68;64.58;;;
2024-11-14T03:16:04;;;;;;384.00;30.27;
2024-11-14T03:21:05;;;471.00;14.63;64.69;;;
2024-11-14T03:21:08;;0.00;;;;225.00;30.27;0.00
2024-11-14T03:26:01;;;470.00;14.73;64.58;;;
2024-11-14T03:26:03;;;;;;157.00;30.26;
2024-11-14T03:31:05;0.19;;;;;;;
2024-11-14T03:31:07;;;474.00;14.73;64.90;;;
2024-11-14T03:31:09;;0.00;;;;298.00;30.26;0.00
2024-11-14T03:36;;;488.00;14.80;64.94;;;
2024-11-14T03:36:02;;;;;;273.00;30.26;
2024-11-14T03:41:05;;;477.00;14.93;64.47;;;
2024-11-14T03:41:07;;0.00;;;;270.00;30.26;0.00
2024-11-14T03:46:01;;;474.00;14.78;64.45;;;
2024-11-14T03:46:03;;;;;;222.00;30.27;
2024-11-14T03:51:05;0.19;;;;;;;
2024-11-14T03:51:07;;;477.00;14.97;64.36;;;
2024-11-14T03:51:09;;0.00;;;;163.00;30.26;0.00
2024-11-14T03:56:03;;;509.00;14.86;64.69;;;
2024-11-14T03:56:05;;;;;;178.00;30.26;
2024-11-14T04:01:07;;;537.00;14.88;64.58;;;
2024-11-14T04:01:09;;0.00;;;;150.00;30.26;0.00
2024-11-14T04:06:01;;;527.00;14.96;64.42;;;
2024-11-14T04:06:03;;;;;;256.00;30.27;
2024-11-14T04:11:06;0.19;;;;;;;
2024-11-14T04:11:08;;;515.00;15.23;64.47;;;
2024-11-14T04:11:10;;0.00;;;;290.00;30.27;0.00
2024-11-14T04:16:02;;;478.00;15.27;64.47;;;
2024-11-14T04:16:04;;;;;;290.00;30.27;
2024-11-14T04:21:06;;;467.00;15.39;64.49;;;
2024-11-14T04:21:08;;0.00;;;;256.00;30.27;0.00
2024-11-14T04:26:02;;;493.00;15.36;64.94;;;
2024-11-14T04:26:04;;;;;;325.00;30.26;
2024-11-14T04:31:06;0.19;;;;;;;
2024-11-14T04:31:08;;;490.00;15.38;64.87;;;
2024-11-14T04:31:10;;0.00;;;;380.00;30.26;0.00
2024-11-14T04:36:02;;;487.00;15.51;64.94;;;
2024-11-14T04:36:04;;;;;;384.00;30.26;
2024-11-14T04:41:06;;;512.00;15.59;64.94;;;
2024-11-14T04:41:08;;0.00;;;;407.00;30.25;0.00
2024-11-14T04:46:02;;;513.00;15.51;64.60;;;
2024-11-14T04:46:04;;;;;;407.00;30.26;
2024-11-14T04:51:06;0.19;;;;;;;
2024-11-14T04:51:08;;;509.00;15.57;64.87;;;
2024-11-14T04:51:10;;0.00;;;;445.00;30.26;0.00
2024-11-14T04:56:01;;;535.00;15.59;64.74;;;
2024-11-14T04:56:03;;;;;;476.00;30.26;
2024-11-14T05:01:06;;;531.00;15.61;64.58;;;
2024-11-14T05:01:08;;0.00;;;;483.00;30.26;0.00
2024-11-14T05:06:02;;;515.00;15.63;64.72;;;
2024-11-14T05:06:04;;;;;;401.00;30.26;
2024-11-14T05:11:07;0.19;;;;;;;
2024-11-14T05:11:09;;;500.00;15.78;64.87;;;
2024-11-14T05:11:11;;0.00;;;;418.00;30.26;0.00
2024-11-14T05:16:02;;;489.00;15.78;64.72;;;
2024-11-14T05:16:04;;;;;;387.00;30.26;
2024-11-14T05:21:06;;;499.00;15.75;64.94;;;
2024-11-14T05:21:08;;0.00;;;;414.00;30.26;0.00
2024-11-14T05:26:02;;;510.00;15.88;64.98;;;
2024-11-14T05:26:04;;;;;;342.00;30.25;
2024-11-14T05:31:07;0.19;;;;;;;
2024-11-14T05:31:09;;;510.00;15.75;64.94;;;
2024-11-14T05:31:11;;0.00;;;;380.00;30.25;0.00
2024-11-14T05:36:02;;;511.00;15.72;64.69;;;
2024-11-14T05:36:04;;;;;;394.00;30.26;
2024-11-14T05:41:06;;;496.00;15.88;64.94;;;
2024-11-14T05:41:08;;0.00;;;;384.00;30.25;0.00
2024-11-14T05:46:03;;;476.00;15.78;64.92;;;
2024-11-14T05:46:05;;;;;;404.00;30.25;
2024-11-14T05:51:07;0.19;;;;;;;
2024-11-14T05:51:09;;;509.00;15.81;64.94;;;
2024-11-14T05:51:11;;0.00;;;;404.00;30.26;0.00
2024-11-14T05:56:02;;;562.00;15.93;64.81;;;
2024-11-14T05:56:04;;;;;;404.00;30.25;
2024-11-14T06:01:06;;;526.00;15.79;64.94;;;
2024-11-14T06:01:08;;0.00;;;;401.00;30.25;0.00
2024-11-14T06:06:02;;;478.00;15.79;65.16;;;
2024-11-14T06:06:04;;;;;;387.00;30.25;
2024-11-14T06:11:06;0.19;;;;;;;
2024-11-14T06:11:08;;;504.00;15.88;64.94;;;
2024-11-14T06:11:10;;0.00;;;;315.00;30.25;0.00
2024-11-14T06:16:01;;;508.00;15.90;64.94;;;
2024-11-14T06:16:03;;;;;;332.00;30.25;
2024-11-14T06:21:06;;;491.00;15.93;64.94;;;
2024-11-14T06:21:08;;0.00;;;;294.00;30.25;0.00
2024-11-14T06:26:01;;;485.00;15.93;65.26;;;
2024-11-14T06:26:03;;;;;;380.00;30.24;
2024-11-14T06:31:06;0.19;;;;;;;
2024-11-14T06:31:08;;;476.00;15.94;65.21;;;
2024-11-14T06:31:10;;0.00;;;;349.00;30.24;0.00
2024-11-14T06:36:02;;;486.00;15.96;65.26;;;
2024-11-14T06:36:04;;;;;;384.00;30.25;
2024-11-14T06:41:06;;;497.00;15.91;64.81;;;
2024-11-14T06:41:08;;0.00;;;;304.00;30.25;0.00
2024-11-14T06:46:01;;;510.00;15.99;65.03;;;
2024-11-14T06:46:03;;;;;;294.00;30.24;
2024-11-14T06:51:06;0.19;;;;;;;
2024-11-14T06:51:08;;;501.00;16.00;65.14;;;
2024-11-14T06:51:10;;0.00;;;;290.00;30.24;0.00
2024-11-14T06:56:02;;;470.00;15.93;65.26;;;
2024-11-14T06:56:04;;;;;;318.00;30.24;
2024-11-14T07:01:05;;;468.00;16.03;64.98;;;
2024-11-14T07:01:07;;0.00;;;;335.00;30.24;0.00
2024-11-14T07:06:03;;;466.00;15.97;65.26;;;
2024-11-14T07:06:05;;;;;;328.00;30.23;
2024-11-14T07:11:07;0.19;;;;;;;
2024-11-14T07:11:09;;;491.00;16.06;64.92;;;
2024-11-14T07:11:11;;0.00;;;;318.00;30.23;0.00
2024-11-14T07:16:03;;;512.00;16.09;65.16;;;
2024-11-14T07:16:05;;;;;;304.00;30.23;
2024-11-14T07:21:08;;;497.00;16.09;64.87;;;
2024-11-14T07:21:10;;0.00;;;;345.00;30.23;0.00
2024-11-14T07:26:04;;;484.00;16.04;65.16;;;
2024-11-14T07:26:06;;;;;;339.00;30.22;
2024-11-14T07:31:08;0.19;;;;;;;
2024-11-14T07:31:10;;;470.00;16.12;65.03;;;
2024-11-14T07:31:12;;0.00;;;;290.00;30.22;0.00
2024-11-14T07:36:03;;;484.00;16.08;65.26;;;
2024-11-14T07:36:05;;;;;;328.00;30.22;
2024-11-14T07:41:08;;;487.00;16.05;65.16;;;
2024-11-14T07:41:10;;0.00;;;;284.00;30.21;0.00
2024-11-14T07:46:03;;;489.00;16.24;65.03;;;
2024-11-14T07:46:05;;;;;;387.00;30.21;
2024-11-14T07:51:08;0.19;;;;;;;
2024-11-14T07:51:10;;;498.00;16.20;64.87;;;
2024-11-14T07:51:12;;0.00;;;;325.00;30.21;0.00
2024-11-14T07:56:04;;;482.00;16.08;64.87;;;
2024-11-14T07:56:06;;;;;;294.00;30.21;
2024-11-14T08:01:08;;;446.00;16.10;65.26;;;
2024-11-14T08:01:10;;0.00;;;;380.00;30.21;0.00
2024-11-14T08:06:03;;;450.00;16.21;64.98;;;
2024-11-14T08:06:05;;;;;;332.00;30.21;
2024-11-14T08:11:08;0.24;;;;;;;
2024-11-14T08:11:10;;;479.00;16.12;64.94;;;
2024-11-14T08:11:12;;0.00;;;;298.00;30.21;0.00
2024-11-14T08:16:04;;;487.00;16.24;65.19;;;
2024-11-14T08:16:06;;;;;;318.00;30.21;
2024-11-14T08:21:07;;;502.00;16.36;64.94;;;
2024-11-14T08:21:09;;0.00;;;;311.00;30.21;0.00
2024-11-14T08:26:04;;;487.00;16.37;64.90;;;
2024-11-14T08:26:06;;;;;;335.00;30.20;
2024-11-14T08:31:08;0.24;;;;;;;
2024-11-14T08:31:10;;;474.00;16.35;64.98;;;
2024-11-14T08:31:12;;0.00;;;;242.00;30.20;0.00
2024-11-14T08:36:03;;;497.00;16.35;65.03;;;
2024-11-14T08:36:05;;;;;;174.00;30.19;
2024-11-14T08:41:08;;;486.00;16.23;65.34;;;
2024-11-14T08:41:10;;0.00;;;;298.00;30.19;0.00
2024-11-14T08:46:03;;;467.00;16.32;64.94;;;
2024-11-14T08:46:06;;;;;;259.00;30.19;
2024-11-14T08:51:07;0.24;;;;;;;
2024-11-14T08:51:09;;;472.00;16.41;64.94;;;
2024-11-14T08:51:11;;0.00;;;;290.00;30.18;0.00
2024-11-14T08:56:03;;;485.00;16.40;65.26;;;
2024-11-14T08:56:05;;;;;;284.00;30.18;
2024-11-14T09:01:08;;;477.00;16.40;65.26;;;
2024-11-14T09:01:10;;0.00;;;;308.00;30.18;0.00
2024-11-14T09:06:03;;;467.00;16.46;64.94;;;
2024-11-14T09:06:05;;;;;;264.00;30.18;
2024-11-14T09:11:08;0.24;;;;;;;
2024-11-14T09:11:10;;;459.00;16.44;64.94;;;
2024-11-14T09:11:12;;0.00;;;;219.00;30.19;0.00
2024-11-14T09:16:04;;;456.00;16.56;64.69;;;
2024-11-14T09:16:06;;;;;;253.00;30.19;
2024-11-14T09:21:07;;;488.00;16.48;65.16;;;
2024-11-14T09:21:09;;0.00;;;;267.00;30.19;0.00
2024-11-14T09:26:03;;;507.00;16.51;64.94;;;
2024-11-14T09:26:05;;;;;;267.00;30.19;
2024-11-14T09:31:08;0.24;;;;;;;
2024-11-14T09:31:10;;;520.00;16.51;64.94;;;
2024-11-14T09:31:12;;0.00;;;;267.00;30.19;0.00
2024-11-14T09:36:03;;;490.00;16.56;65.01;;;
2024-11-14T09:36:05;;;;;;201.00;30.19;
2024-11-14T09:41:07;;;453.00;16.50;65.03;;;
2024-11-14T09:41:09;;0.00;;;;253.00;30.19;0.00
2024-11-14T09:46:04;;;455.00;16.55;65.16;;;
2024-11-14T09:46:06;;;;;;284.00;30.19;
2024-11-14T09:51:08;0.24;;;;;;;
2024-11-14T09:51:10;;;490.00;16.53;65.16;;;
2024-11-14T09:51:12;;0.00;;;;253.00;30.19;0.00
2024-11-14T09:56:03;;;485.00;16.60;64.99;;;
2024-11-14T09:56:05;;;;;;205.00;30.18;
2024-11-14T10:01:08;;;463.00;16.58;65.16;;;
2024-11-14T10:01:10;;0.00;;;;239.00;30.18;0.00
2024-11-14T10:06:03;;;481.00;16.72;64.94;;;
2024-11-14T10:06:05;;;;;;236.00;30.18;
2024-11-14T10:11:07;0.24;;;;;;;
2024-11-14T10:11:09;;;489.00;16.49;64.72;;;
2024-11-14T10:11:11;;0.00;;;;201.00;30.18;0.00
2024-11-14T10:16:04;;;482.00;16.58;64.98;;;
2024-11-14T10:16:06;;;;;;215.00;30.18;
2024-11-14T10:21:08;;;463.00;16.77;64.94;;;
2024-11-14T10:21:10;;0.00;;;;264.00;30.19;0.00
2024-11-14T10:26:04;;;462.00;16.66;64.87;;;
2024-11-14T10:26:06;;;;;;246.00;30.19;
2024-11-14T10:31:09;0.24;;;;;;;
2024-11-14T10:31:11;;;462.00;16.61;64.76;;;
2024-11-14T10:31:13;;0.00;;;;195.00;30.19;0.00
2024-11-14T10:36:05;;;464.00;16.70;64.98;;;
2024-11-14T10:36:07;;;;;;205.00;30.19;
2024-11-14T10:41:08;;;472.00;16.65;64.94;;;
2024-11-14T10:41:10;;0.00;;;;250.00;30.19;0.00
2024-11-14T10:46:05;;;478.00;16.53;65.03;;;
2024-11-14T10:46:07;;;;;;242.00;30.19;
2024-11-14T10:51:09;0.24;;;;;;;
2024-11-14T10:51:11;;;511.00;16.67;64.92;;;
2024-11-14T10:51:13;;0.00;;;;205.00;30.19;0.00
2024-11-14T10:56:04;;;491.00;16.78;64.94;;;
2024-11-14T10:56:06;;;;;;242.00;30.19;
2024-11-14T11:01:08;;;466.00;16.75;64.94;;;
2024-11-14T11:01:10;;0.00;;;;239.00;30.19;0.00
2024-11-14T11:06:05;;;466.00;16.59;64.81;;;
2024-11-14T11:06:07;;;;;;215.00;30.19;
2024-11-14T11:11:08;0.30;;;;;;;
2024-11-14T11:11:10;;;458.00;16.55;65.03;;;
2024-11-14T11:11:12;;0.00;;;;161.00;30.19;0.00
2024-11-14T11:16:04;;;474.00;16.17;64.94;;;
2024-11-14T11:16:06;;;;;;88.00;30.19;
2024-11-14T11:21:09;;;491.00;16.07;64.87;;;
2024-11-14T11:21:11;;0.00;;;;46.00;30.19;0.00
2024-11-14T11:26:04;;;493.00;16.23;64.69;;;
2024-11-14T11:26:06;;;;;;59.00;30.19;
2024-11-14T11:31:08;0.30;;;;;;;
2024-11-14T11:31:10;;;476.00;16.26;64.58;;;
2024-11-14T11:31:12;;0.00;;;;82.00;30.18;0.00
2024-11-14T11:36:05;;;470.00;16.20;64.58;;;
2024-11-14T11:36:07;;;;;;54.00;30.19;
2024-11-14T11:41:08;;;485.00;16.23;64.71;;;
2024-11-14T11:41:10;;0.00;;;;58.00;30.19;0.00
2024-11-14T11:46:04;;;487.00;16.20;64.94;;;
2024-11-14T11:46:06;;;;;;46.00;30.19;
2024-11-14T11:51:09;0.30;;;;;;;
2024-11-14T11:51:11;;;454.00;16.29;64.69;;;
2024-11-14T11:51:13;;0.00;;;;46.00;30.19;0.00
2024-11-14T11:56:04;;;455.00;16.22;64.58;;;
2024-11-14T11:56:06;;;;;;105.00;30.19;
2024-11-14T12:01:08;;;459.00;16.32;64.81;;;
2024-11-14T12:01:10;;0.00;;;;176.00;30.19;0.00
2024-11-14T12:06:05;;;456.00;16.25;64.58;;;
2024-11-14T12:06:07;;;;;;176.00;30.19;
2024-11-14T12:11:09;0.32;;;;;;;
2024-11-14T12:11:11;;;475.00;16.31;64.36;;;
2024-11-14T12:11:13;;0.00;;;;236.00;30.19;0.00
2024-11-14T12:16:04;;;486.00;16.35;64.53;;;
2024-11-14T12:16:06;;;;;;138.00;30.20;
2024-11-14T12:21:08;;;477.00;16.24;64.42;;;
2024-11-14T12:21:10;;0.00;;;;155.00;30.20;0.00
2024-11-14T12:26:04;;;470.00;16.27;64.53;;;
2024-11-14T12:26:06;;;;;;101.00;30.20;
2024-11-14T12:31:08;0.32;;;;;;;
2024-11-14T12:31:10;;;460.00;16.36;64.47;;;
2024-11-14T12:31:12;;0.00;;;;46.00;30.20;0.00
2024-11-14T12:36:04;;;458.00;16.22;64.58;;;
2024-11-14T12:36:06;;;;;;125.00;30.20;
2024-11-14T12:41:09;;;470.00;16.30;64.69;;;
2024-11-14T12:41:11;;0.00;;;;146.00;30.20;0.00
2024-11-14T12:46:04;;;453.00;16.28;64.69;;;
2024-11-14T12:46:06;;;;;;191.00;30.19;
2024-11-14T12:51:08;0.32;;;;;;;
2024-11-14T12:51:10;;;432.00;16.27;64.58;;;
2024-11-14T12:51:12;;0.00;;;;88.00;30.19;0.00
2024-11-14T12:56:05;;;466.00;16.20;64.54;;;
2024-11-14T12:56:07;;;;;;78.00;30.19;
2024-11-14T13:01:08;;;481.00;16.29;64.51;;;
2024-11-14T13:01:10;;0.00;;;;119.00;30.19;0.00
2024-11-14T13:06:04;;;448.00;16.27;64.47;;;
2024-11-14T13:06:06;;;;;;118.00;30.19;
2024-11-14T13:11:09;0.32;;;;;;;
2024-11-14T13:11:11;;;448.00;16.34;64.26;;;
2024-11-14T13:11:13;;0.00;;;;125.00;30.19;0.00
2024-11-14T13:16:04;;;449.00;16.11;64.58;;;
2024-11-14T13:16:06;;;;;;133.00;30.19;
2024-11-14T13:21:08;;;467.00;16.20;64.69;;;
2024-11-14T13:21:10;;0.00;;;;133.00;30.19;0.00
2024-11-14T13:26:05;;;477.00;16.27;64.56;;;
2024-11-14T13:26:07;;;;;;157.00;30.19;
2024-11-14T13:31:08;0.32;;;;;;;
2024-11-14T13:31:10;;;463.00;16.30;64.49;;;
2024-11-14T13:31:12;;0.00;;;;155.00;30.19;0.00
2024-11-14T13:36:04;;;455.00;16.32;64.42;;;
2024-11-14T13:36:06;;;;;;122.00;30.19;
2024-11-14T13:41:08;;;455.00;16.34;64.47;;;
2024-11-14T13:41:10;;0.00;;;;123.00;30.19;0.00
2024-11-14T13:46:04;;;490.00;16.34;64.58;;;
2024-11-14T13:46:06;;;;;;118.00;30.18;
2024-11-14T13:51:08;0.32;;;;;;;
2024-11-14T13:51:10;;;503.00;16.41;64.69;;;
2024-11-14T13:51:12;;0.00;;;;166.00;30.18;0.00
2024-11-14T13:56:04;;;484.00;16.59;64.94;;;
2024-11-14T13:56:06;;;;;;270.00;30.19;
2024-11-14T14:01:08;;;476.00;16.69;64.47;;;
2024-11-14T14:01:10;;0.00;;;;133.00;30.18;0.00
2024-11-14T14:06:05;;;476.00;16.67;64.58;;;
2024-11-14T14:06:07;;;;;;86.00;30.18;
2024-11-14T14:11:09;0.32;;;;;;;
2024-11-14T14:11:11;;;475.00;16.87;64.45;;;
2024-11-14T14:11:13;;0.00;;;;135.00;30.18;0.00
2024-11-14T14:16:05;;;482.00;16.81;64.58;;;
2024-11-14T14:16:07;;;;;;165.00;30.18;
2024-11-14T14:21:09;;;499.00;16.84;64.47;;;
2024-11-14T14:21:11;;0.00;;;;250.00;30.18;0.00
2024-11-14T14:26:05;;;500.00;17.00;64.58;;;
2024-11-14T14:26:07;;;;;;135.00;30.18;
2024-11-14T14:31:10;0.32;;;;;;;
2024-11-14T14:31:12;;;501.00;17.03;64.69;;;
2024-11-14T14:31:14;;0.00;;;;91.00;30.17;0.00
2024-11-14T14:36:05;;;506.00;17.06;64.87;;;
2024-11-14T14:36:07;;;;;;95.00;30.17;
2024-11-14T14:41:09;;;486.00;17.19;64.78;;;
2024-11-14T14:41:11;;0.00;;;;103.00;30.17;0.00
2024-11-14T14:46:06;;;474.00;17.18;64.60;;;
2024-11-14T14:46:08;;;;;;110.00;30.17;
2024-11-14T14:51:10;0.32;;;;;;;
2024-11-14T14:51:12;;;465.00;17.42;64.87;;;
2024-11-14T14:51:14;;0.00;;;;129.00;30.17;0.00
2024-11-14T14:56:05;;;464.00;17.60;64.45;;;
2024-11-14T14:56:07;;;;;;116.00;30.17;
2024-11-14T15:01:10;;;477.00;17.54;64.56;;;
2024-11-14T15:01:12;;0.00;;;;69.00;30.16;0.00
2024-11-14T15:06:05;;;469.00;17.61;64.92;;;
2024-11-14T15:06:07;;;;;;97.00;30.16;
2024-11-14T15:11:09;0.32;;;;;;;
2024-11-14T15:11:11;;;466.00;17.73;64.53;;;
2024-11-14T15:11:13;;0.00;;;;133.00;30.16;0.00
2024-11-14T15:16:05;;;459.00;17.72;64.81;;;
2024-11-14T15:16:07;;;;;;166.00;30.15;
2024-11-14T15:21:09;;;494.00;17.72;64.51;;;
2024-11-14T15:21:11;;0.00;;;;229.00;30.15;0.00
2024-11-14T15:26:05;;;524.00;17.91;64.42;;;
2024-11-14T15:26:07;;;;;;246.00;30.15;
2024-11-14T15:31:10;0.32;;;;;;;
2024-11-14T15:31:12;;;500.00;17.92;64.69;;;
2024-11-14T15:31:14;;0.00;;;;140.00;30.15;0.00
2024-11-14T15:36:05;;;500.00;17.89;64.58;;;
2024-11-14T15:36:07;;;;;;170.00;30.14;
2024-11-14T15:41:09;;;494.00;17.89;64.94;;;
2024-11-14T15:41:11;;0.00;;;;176.00;30.14;0.00
2024-11-14T15:46:05;;;505.00;17.96;64.47;;;
2024-11-14T15:46:07;;;;;;152.00;30.13;
2024-11-14T15:51:09;0.32;;;;;;;
2024-11-14T15:51:11;;;503.00;17.94;64.69;;;
2024-11-14T15:51:13;;0.00;;;;169.00;30.13;0.00
2024-11-14T15:56:05;;;476.00;17.86;64.58;;;
2024-11-14T15:56:07;;;;;;187.00;30.12;
2024-11-14T16:01:09;;;464.00;17.76;64.94;;;
2024-11-14T16:01:11;;0.00;;;;184.00;30.12;0.00
2024-11-14T16:06:05;;;484.00;17.84;65.26;;;
2024-11-14T16:06:07;;;;;;125.00;30.12;
2024-11-14T16:11:09;0.32;;;;;;;
2024-11-14T16:11:11;;;497.00;17.77;65.82;;;
2024-11-14T16:11:13;;1.00;;;;125.00;30.12;0.00
2024-11-14T16:16:05;;;491.00;17.63;66.06;;;
2024-11-14T16:16:07;;;;;;133.00;30.11;
2024-11-14T16:21:09;;;533.00;17.51;66.29;;;
2024-11-14T16:21:11;;0.00;;;;84.00;30.11;0.00
2024-11-14T16:26:05;;;522.00;17.45;66.33;;;
2024-11-14T16:26:07;;;;;;133.00;30.11;
2024-11-14T16:31:09;0.32;;;;;;;
2024-11-14T16:31:11;;;499.00;17.40;66.97;;;
2024-11-14T16:31:13;;0.00;;;;150.00;30.10;0.00
2024-11-14T16:36:04;;;483.00;17.33;66.97;;;
2024-11-14T16:36:06;;;;;;138.00;30.10;
2024-11-14T16:41:09;;;473.00;17.19;67.30;;;
2024-11-14T16:41:11;;0.00;;;;195.00;30.09;0.00
2024-11-14T16:46:05;;;493.00;16.98;67.59;;;
2024-11-14T16:46:07;;;;;;148.00;30.09;
2024-11-14T16:51:10;0.32;;;;;;;
2024-11-14T16:51:12;;;492.00;16.98;67.62;;;
2024-11-14T16:51:14;;0.00;;;;123.00;30.09;0.00
2024-11-14T16:56:05;;;490.00;16.82;68.09;;;
2024-11-14T16:56:07;;;;;;232.00;30.08;
2024-11-14T17:01:09;;;482.00;16.61;68.20;;;
2024-11-14T17:01:11;;0.00;;;;205.00;30.08;0.00
2024-11-14T17:06:04;;;483.00;16.49;68.31;;;
2024-11-14T17:06:06;;;;;;208.00;30.08;
2024-11-14T17:11:09;0.30;;;;;;;
2024-11-14T17:11:11;;;505.00;16.45;68.43;;;
2024-11-14T17:11:13;;0.00;;;;264.00;30.08;0.00
2024-11-14T17:16:05;;;505.00;16.62;68.43;;;
2024-11-14T17:16:07;;;;;;345.00;30.08;
2024-11-14T17:21:09;;;505.00;16.58;68.59;;;
2024-11-14T17:21:11;;0.00;;;;367.00;30.07;0.00
2024-11-14T17:26:06;;;518.00;16.55;68.49;;;
2024-11-14T17:26:08;;;;;;370.00;30.07;
2024-11-14T17:31:10;0.30;;;;;;;
2024-11-14T17:31:12;;;485.00;16.51;68.43;;;
2024-11-14T17:31:14;;0.00;;;;411.00;30.07;0.00
2024-11-14T17:36:06;;;484.00;16.55;68.31;;;
2024-11-14T17:36:08;;;;;;431.00;30.06;
2024-11-14T17:41:10;;;502.00;16.51;68.18;;;
2024-11-14T17:41:12;;0.00;;;;483.00;30.06;0.00
2024-11-14T17:46:06;;;482.00;16.51;68.09;;;
2024-11-14T17:46:08;;;;;;421.00;30.06;
2024-11-14T17:51:10;0.30;;;;;;;
2024-11-14T17:51:12;;;475.00;16.56;68.07;;;
2024-11-14T17:51:14;;0.00;;;;442.00;30.06;0.00
2024-11-14T17:56:05;;;479.00;16.47;68.09;;;
2024-11-14T17:56:07;;;;;;438.00;30.05;
2024-11-14T18:01:10;;;495.00;16.35;67.89;;;
2024-11-14T18:01:12;;0.00;;;;435.00;30.05;0.00
2024-11-14T18:06:06;;;480.00;16.32;67.75;;;
2024-11-14T18:06:08;;;;;;428.00;30.05;
2024-11-14T18:11:10;0.24;;;;;;;
2024-11-14T18:11:12;;;475.00;16.46;67.84;;;
2024-11-14T18:11:15;;1.00;;;;445.00;30.04;1.00
2024-11-14T18:16:06;;;469.00;16.27;67.62;;;
2024-11-14T18:16:08;;;;;;442.00;30.04;
2024-11-14T18:21:10;;;435.00;16.42;67.59;;;
2024-11-14T18:21:12;;0.00;;;;373.00;30.03;0.00
2024-11-14T18:26:05;;;456.00;15.99;67.75;;;
2024-11-14T18:26:07;;;;;;353.00;30.03;
2024-11-14T18:31:10;0.24;;;;;;;
2024-11-14T18:31:12;;;505.00;15.66;68.07;;;
2024-11-14T18:31:14;;0.00;;;;246.00;30.03;0.00
2024-11-14T18:36:07;;;497.00;15.37;68.23;;;
2024-11-14T18:36:09;;;;;;318.00;30.02;
2024-11-14T18:41:10;;;474.00;15.21;68.25;;;
2024-11-14T18:41:12;;0.00;;;;301.00;30.03;0.00
2024-11-14T18:46:06;;;499.00;14.84;68.54;;;
2024-11-14T18:46:08;;;;;;308.00;30.02;
2024-11-14T18:51:10;0.24;;;;;;;
2024-11-14T18:51:12;;;496.00;14.64;68.99;;;
2024-11-14T18:51:14;;0.00;;;;332.00;30.02;0.00
2024-11-14T18:56:05;;;483.00;14.60;68.99;;;
2024-11-14T18:56:07;;;;;;362.00;30.02;
2024-11-14T19:01:10;;;516.00;14.24;68.99;;;
2024-11-14T19:01:12;;0.00;;;;298.00;30.02;0.00
2024-11-14T19:06:06;;;519.00;14.07;69.33;;;
2024-11-14T19:06:08;;;;;;342.00;30.02;
2024-11-14T19:11:10;0.24;;;;;;;
2024-11-14T19:11:12;;;508.00;13.91;69.42;;;
2024-11-14T19:11:14;;0.00;;;;311.00;30.02;0.00
2024-11-14T19:16:05;;;485.00;13.69;69.44;;;
2024-11-14T19:16:07;;;;;;328.00;30.02;
2024-11-14T19:21:10;;;481.00;13.44;69.44;;;
2024-11-14T19:21:12;;0.00;;;;318.00;30.01;0.00
2024-11-14T19:26:05;;;509.00;13.07;69.44;;;
2024-11-14T19:26:07;;;;;;376.00;30.01;
2024-11-14T19:31:10;0.24;;;;;;;
2024-11-14T19:31:12;;;494.00;12.93;69.44;;;
2024-11-14T19:31:14;;0.00;;;;353.00;30.01;0.00
2024-11-14T19:36:06;;;486.00;12.79;69.67;;;
2024-11-14T19:36:08;;;;;;465.00;30.01;
2024-11-14T19:41:10;;;506.00;12.79;69.67;;;
2024-11-14T19:41:12;;0.00;;;;846.00;30.01;0.00
2024-11-14T19:46:05;;;531.00;12.74;69.46;;;
2024-11-14T19:46:07;;;;;;1136.00;30.01;
2024-11-14T19:51:10;0.24;;;;;;;
2024-11-14T19:51:12;;;515.00;12.47;69.91;;;
2024-11-14T19:51:14;;0.00;;;;1025.00;30.00;0.00
2024-11-14T19:56:06;;;495.00;12.58;69.55;;;
2024-11-14T19:56:08;;;;;;921.00;30.00;
2024-11-14T20:01:09;;;491.00;12.88;69.91;;;
2024-11-14T20:01:11;;0.00;;;;886.00;30.00;0.00
2024-11-14T20:06:07;;;479.00;12.99;70.09;;;
2024-11-14T20:06:09;;;;;;828.00;30.00;
2024-11-14T20:11:11;0.30;;;;;;;
2024-11-14T20:11:13;;;480.00;13.10;70.00;;;
2024-11-14T20:11:15;;0.00;;;;787.00;30.00;0.00
