Date,Time,CO2
2024-11-11,20:50:56,652.00
2024-11-11,20:53:21,724.00
2024-11-11,20:55:51,694.00
2024-11-11,20:58:19,687.00
2024-11-11,21:00:51,786.00
2024-11-11,21:03:19,774.00
2024-11-11,21:15:49,635.00
2024-11-11,21:20:53,613.00
2024-11-11,21:25:49,580.00
2024-11-11,21:30:55,511.00
2024-11-11,21:35:49,518.00
2024-11-11,21:40:53,491.00
2024-11-11,21:45:49,449.00
2024-11-11,21:50:55,473.00
2024-11-11,21:55:48,481.00
2024-11-11,22:00:53,470.00
2024-11-11,22:05:48,452.00
2024-11-11,22:10:55,457.00
2024-11-11,22:15:48,468.00
2024-11-11,22:20:52,459.00
2024-11-11,22:25:47,477.00
2024-11-11,22:30:54,460.00
2024-11-11,22:35:49,450.00
2024-11-11,22:40:53,480.00
2024-11-11,22:45:49,482.00
2024-11-11,22:50:55,474.00
2024-11-11,22:55:49,456.00
2024-11-11,23:00:53,448.00
2024-11-11,23:05:48,468.00
2024-11-11,23:10:54,475.00
2024-11-11,23:15:47,478.00
2024-11-11,23:20:52,455.00
2024-11-11,23:25:48,473.00
2024-11-11,23:30:55,499.00
2024-11-11,23:35:49,492.00
2024-11-11,23:40:53,486.00
2024-11-11,23:45:48,475.00
2024-11-11,23:50:55,462.00
2024-11-11,23:55:48,448.00
2024-11-12,00:00:51,464.00
2024-11-12,00:05:48,456.00
2024-11-12,00:10:54,468.00
2024-11-12,00:15:47,474.00
2024-11-12,00:20:52,480.00
2024-11-12,00:25:48,495.00
2024-11-12,00:30:54,471.00
2024-11-12,00:35:48,464.00
2024-11-12,00:40:52,472.00
2024-11-12,00:45:46,498.00
2024-11-12,00:50:53,506.00
2024-11-12,00:55:48,460.00
2024-11-12,01:00:52,464.00
2024-11-12,01:05:49,495.00
2024-11-12,01:10:55,476.00
2024-11-12,01:15:47,466.00
2024-11-12,01:20:51,458.00
2024-11-12,01:25:48,449.00
2024-11-12,01:30:54,456.00
2024-11-12,01:35:48,468.00
2024-11-12,01:40:53,474.00
2024-11-12,01:45:48,472.00
2024-11-12,01:50:54,438.00
2024-11-12,01:55:49,445.00
2024-11-12,02:00:53,471.00
2024-11-12,02:05:47,459.00
2024-11-12,02:10:54,464.00
2024-11-12,02:15:49,459.00
2024-11-12,02:20:52,446.00
2024-11-12,02:25:48,449.00
2024-11-12,02:30:54,466.00
2024-11-12,02:35:48,495.00
2024-11-12,02:40:53,503.00
2024-11-12,02:45:49,469.00
2024-11-12,02:50:55,453.00
2024-11-12,02:55:48,462.00
2024-11-12,03:00:53,490.00
2024-11-12,03:05:48,490.00
2024-11-12,03:10:55,469.00
2024-11-12,03:15:49,476.00
2024-11-12,03:20:52,477.00
2024-11-12,03:25:47,462.00
2024-11-12,03:30:54,460.00
2024-11-12,03:35:48,470.00
2024-11-12,03:40:52,474.00
2024-11-12,03:45:49,480.00
2024-11-12,03:50:55,471.00
2024-11-12,03:55:48,466.00
2024-11-12,04:00:53,488.00
2024-11-12,04:05:48,484.00
2024-11-12,04:10:54,466.00
2024-11-12,04:15:48,463.00
2024-11-12,04:20:53,451.00
2024-11-12,04:25:49,461.00
2024-11-12,04:30:56,471.00
2024-11-12,04:35:50,466.00
2024-11-12,04:40:53,466.00
2024-11-12,04:45:49,470.00
2024-11-12,04:50:56,484.00
2024-11-12,04:55:49,480.00
2024-11-12,05:00:53,488.00
2024-11-12,05:05:50,466.00
2024-11-12,05:10:56,454.00
2024-11-12,05:15:49,478.00
2024-11-12,05:20:54,472.00
2024-11-12,05:25:49,461.00
2024-11-12,05:30:55,437.00
2024-11-12,05:35:49,427.00
2024-11-12,05:40:53,455.00
2024-11-12,05:45:49,489.00
2024-11-12,05:50:56,481.00
2024-11-12,05:55:49,460.00
2024-11-12,06:00:53,465.00
2024-11-12,06:05:50,478.00
2024-11-12,06:10:57,455.00
2024-11-12,06:15:49,433.00
2024-11-12,06:20:53,451.00
2024-11-12,06:25:49,487.00
2024-11-12,06:30:55,491.00
2024-11-12,06:35:49,473.00
2024-11-12,06:40:54,476.00
2024-11-12,06:45:49,476.00
2024-11-12,06:50:55,477.00
2024-11-12,06:55:50,502.00
2024-11-12,07:00:53,498.00
2024-11-12,07:05:49,464.00
2024-11-12,07:10:56,460.00
2024-11-12,07:15:49,475.00
2024-11-12,07:20:53,491.00
2024-11-12,07:25:50,483.00
2024-11-12,07:30:55,471.00
2024-11-12,07:35:49,483.00
2024-11-12,07:40:53,480.00
2024-11-12,07:45:49,472.00
2024-11-12,07:50:55,451.00
2024-11-12,07:55:50,454.00
2024-11-12,08:00:54,474.00
2024-11-12,08:05:50,470.00
2024-11-12,08:10:56,454.00
2024-11-12,08:15:50,465.00
2024-11-12,08:20:54,468.00
2024-11-12,08:25:50,444.00
2024-11-12,08:30:57,482.00
2024-11-12,08:35:50,508.00
2024-11-12,08:40:54,477.00
2024-11-12,08:45:50,470.00
2024-11-12,08:50:56,466.00
2024-11-12,08:55:50,466.00
2024-11-12,09:00:55,467.00
2024-11-12,09:05:50,494.00
2024-11-12,09:10:56,504.00
2024-11-12,09:15:51,459.00
2024-11-12,09:20:55,455.00
2024-11-12,09:25:50,454.00
2024-11-12,09:30:57,434.00
2024-11-12,09:35:50,432.00
2024-11-12,09:40:54,459.00
2024-11-12,09:45:50,481.00
2024-11-12,09:50:56,463.00
2024-11-12,09:55:50,453.00
2024-11-12,10:00:54,458.00
2024-11-12,10:05:50,457.00
2024-11-12,10:10:56,452.00
2024-11-12,10:15:50,464.00
2024-11-12,10:20:54,490.00
2024-11-12,10:25:50,483.00
2024-11-12,10:30:56,448.00
2024-11-12,10:35:49,424.00
2024-11-12,10:40:54,442.00
2024-11-12,10:45:50,440.00
2024-11-12,10:50:57,446.00
2024-11-12,10:55:50,450.00
2024-11-12,11:00:54,454.00
2024-11-12,11:05:49,453.00
2024-11-12,11:10:56,435.00
2024-11-12,11:15:51,441.00
2024-11-12,11:20:55,440.00
2024-11-12,11:25:51,443.00
2024-11-12,11:30:57,445.00
2024-11-12,11:35:51,428.00
2024-11-12,11:40:55,428.00
2024-11-12,11:45:51,444.00
2024-11-12,11:50:57,434.00
2024-11-12,11:55:50,454.00
2024-11-12,12:00:55,465.00
2024-11-12,12:05:51,470.00
2024-11-12,12:10:57,479.00
2024-11-12,12:15:51,465.00
2024-11-12,12:20:55,455.00
2024-11-12,12:25:51,434.00
2024-11-12,12:30:58,461.00
2024-11-12,12:35:51,465.00
2024-11-12,12:40:54,448.00
2024-11-12,12:45:51,454.00
2024-11-12,12:50:57,459.00
2024-11-12,12:55:50,447.00
2024-11-12,13:00:55,456.00
2024-11-12,13:05:51,481.00
2024-11-12,13:10:57,455.00
2024-11-12,13:15:51,446.00
2024-11-12,13:20:55,434.00
2024-11-12,13:25:50,435.00
2024-11-12,13:30:57,459.00
2024-11-12,13:35:51,467.00
2024-11-12,13:40:55,456.00
2024-11-12,13:45:51,431.00
2024-11-12,13:50:57,437.00
2024-11-12,13:55:51,456.00
2024-11-12,14:00:54,463.00
2024-11-12,14:05:51,447.00
2024-11-12,14:10:57,427.00
2024-11-12,14:15:50,425.00
2024-11-12,14:20:55,433.00
2024-11-12,14:25:51,441.00
2024-11-12,14:30:56,451.00
2024-11-12,14:35:53,431.00
2024-11-12,14:40:57,415.00
2024-11-12,14:45:51,422.00
2024-11-12,14:50:58,451.00
2024-11-12,14:55:52,467.00
2024-11-12,15:00:55,454.00
2024-11-12,15:05:52,501.00
2024-11-12,15:10:58,509.00
2024-11-12,15:15:51,515.00
2024-11-12,15:20:56,548.00
2024-11-12,15:25:52,532.00
2024-11-12,15:30:58,504.00
2024-11-12,15:35:52,479.00
2024-11-12,15:40:57,491.00
2024-11-12,15:45:51,515.00
2024-11-12,15:50:57,542.00
2024-11-12,15:55:52,543.00
2024-11-12,16:00:56,551.00
2024-11-12,16:05:52,579.00
2024-11-12,16:10:59,566.00
2024-11-12,16:15:52,562.00
2024-11-12,16:20:55,558.00
2024-11-12,16:25:52,548.00
2024-11-12,16:30:58,544.00
2024-11-12,16:35:51,510.00
2024-11-12,16:40:56,512.00
2024-11-12,16:45:52,551.00
2024-11-12,16:50:57,570.00
2024-11-12,16:55:51,547.00
2024-11-12,17:00:56,503.00
2024-11-12,17:05:51,490.00
2024-11-12,17:10:58,468.00
2024-11-12,17:15:52,455.00
2024-11-12,17:20:55,451.00
2024-11-12,17:25:51,442.00
2024-11-12,17:30:58,473.00
2024-11-12,17:35:52,473.00
2024-11-12,17:40:56,439.00
2024-11-12,17:45:52,440.00
2024-11-12,17:50:58,465.00
2024-11-12,17:55:51,472.00
2024-11-12,18:00:56,482.00
2024-11-12,18:05:52,488.00
2024-11-12,18:10:58,485.00
2024-11-12,18:15:53,521.00
2024-11-12,18:20:58,513.00
2024-11-12,18:25:52,501.00
2024-11-12,18:30:59,515.00
2024-11-12,18:35:54,511.00
2024-11-12,18:40:57,522.00
2024-11-12,18:45:52,570.00
2024-11-12,18:50:59,582.00
2024-11-12,18:55:53,555.00
2024-11-12,19:00:57,515.00
2024-11-12,19:05:53,494.00
2024-11-12,19:10:58,487.00
2024-11-12,19:15:53,461.00
2024-11-12,19:20:58,462.00
2024-11-12,19:25:53,452.00
2024-11-12,19:30:59,452.00
2024-11-12,19:35:53,499.00
2024-11-12,19:40:57,545.00
2024-11-12,19:45:53,534.00
2024-11-12,19:51,540.00
2024-11-12,19:55:53,550.00
2024-11-12,20:00:57,544.00
2024-11-12,20:05:53,538.00
2024-11-12,20:11,509.00
2024-11-12,20:15:53,502.00
2024-11-12,20:20:57,495.00
2024-11-12,20:25:53,468.00
2024-11-12,20:30:59,460.00
2024-11-12,20:35:52,467.00
2024-11-12,20:40:57,492.00
2024-11-12,20:45:53,483.00
2024-11-12,20:50:59,448.00
2024-11-12,20:55:53,456.00
2024-11-12,21:00:56,458.00
2024-11-12,21:05:53,444.00
2024-11-12,21:11,444.00
2024-11-12,21:15:53,453.00
2024-11-12,21:20:57,457.00
2024-11-12,21:25:55,486.00
2024-11-12,21:31,508.00
2024-11-12,21:35:53,487.00
2024-11-12,21:40:57,490.00
2024-11-12,21:45:54,474.00
2024-11-12,21:51,475.00
2024-11-12,21:55:54,494.00
2024-11-12,22:00:58,502.00
2024-11-12,22:05:54,504.00
2024-11-12,22:11,507.00
2024-11-12,22:15:54,533.00
2024-11-12,22:20:58,524.00
2024-11-12,22:25:54,534.00
2024-11-12,22:31:01,521.00
2024-11-12,22:35:54,521.00
2024-11-12,22:40:58,533.00
2024-11-12,22:45:54,524.00
2024-11-12,22:51,505.00
2024-11-12,22:55:54,469.00
2024-11-12,23:00:58,463.00
2024-11-12,23:05:54,465.00
2024-11-12,23:11,471.00
2024-11-12,23:15:54,478.00
2024-11-12,23:20:58,462.00
2024-11-12,23:25:54,449.00
2024-11-12,23:31,441.00
2024-11-12,23:35:54,438.00
2024-11-12,23:40:58,434.00
2024-11-12,23:45:54,441.00
2024-11-12,23:51:01,436.00
2024-11-12,23:55:54,441.00
2024-11-13,00:00:58,458.00
2024-11-13,00:05:54,467.00
2024-11-13,00:11,480.00
2024-11-13,00:15:54,500.00
2024-11-13,00:20:57,551.00
2024-11-13,00:25:55,559.00
2024-11-13,00:31:01,503.00
2024-11-13,00:35:53,480.00
2024-11-13,00:40:58,485.00
2024-11-13,00:45:55,481.00
2024-11-13,00:51:01,488.00
2024-11-13,00:55:55,469.00
2024-11-13,01:00:59,461.00
2024-11-13,01:05:54,483.00
2024-11-13,01:11:01,463.00
2024-11-13,01:15:55,453.00
2024-11-13,01:20:59,465.00
2024-11-13,01:25:55,464.00
2024-11-13,01:31:01,464.00
2024-11-13,01:35:55,460.00
2024-11-13,01:40:59,487.00
2024-11-13,01:45:55,489.00
2024-11-13,01:51:01,485.00
2024-11-13,01:55:55,499.00
2024-11-13,02:01,473.00
2024-11-13,02:05:55,454.00
2024-11-13,02:11:02,461.00
2024-11-13,02:15:56,472.00
2024-11-13,02:21,460.00
2024-11-13,02:25:54,454.00
2024-11-13,02:31:01,499.00
2024-11-13,02:35:55,483.00
2024-11-13,02:40:58,440.00
2024-11-13,02:45:55,464.00
2024-11-13,02:51:01,476.00
2024-11-13,02:55:54,463.00
2024-11-13,03:00:59,459.00
2024-11-13,03:05:55,468.00
2024-11-13,03:11:01,460.00
2024-11-13,03:15:54,441.00
2024-11-13,03:20:59,457.00
2024-11-13,03:25:54,471.00
2024-11-13,03:31:01,489.00
2024-11-13,03:35:55,502.00
2024-11-13,03:40:59,474.00
2024-11-13,03:45:54,446.00
2024-11-13,03:51:01,438.00
2024-11-13,03:55:55,435.00
2024-11-13,04:00:58,458.00
2024-11-13,04:05:56,450.00
2024-11-13,04:11:02,448.00
2024-11-13,04:15:55,492.00
2024-11-13,04:21,493.00
2024-11-13,04:25:56,492.00
2024-11-13,04:31:02,485.00
2024-11-13,04:35:55,483.00
2024-11-13,04:41,502.00
2024-11-13,04:45:55,518.00
2024-11-13,04:51:02,489.00
2024-11-13,04:55:56,477.00
2024-11-13,05:00:59,489.00
2024-11-13,05:05:55,489.00
2024-11-13,05:11:02,493.00
2024-11-13,05:15:55,487.00
2024-11-13,05:20:59,505.00
2024-11-13,05:25:56,499.00
2024-11-13,05:31:02,476.00
2024-11-13,05:35:55,455.00
2024-11-13,05:41,473.00
2024-11-13,05:45:56,493.00
2024-11-13,05:51:02,494.00
2024-11-13,05:55:56,492.00
2024-11-13,06:01,487.00
2024-11-13,06:05:55,501.00
2024-11-13,06:11:02,479.00
2024-11-13,06:15:56,446.00
2024-11-13,06:20:59,460.00
2024-11-13,06:25:56,484.00
2024-11-13,06:31:03,476.00
2024-11-13,06:35:55,465.00
2024-11-13,06:40:59,473.00
2024-11-13,06:45:56,483.00
2024-11-13,06:51:02,465.00
2024-11-13,06:55:55,449.00
2024-11-13,07:01,458.00
2024-11-13,07:05:55,459.00
2024-11-13,07:11:01,461.00
2024-11-13,07:15:57,502.00
2024-11-13,07:21:01,496.00
2024-11-13,07:25:55,484.00
2024-11-13,07:31:02,490.00
2024-11-13,07:35:57,478.00
2024-11-13,07:41,480.00
2024-11-13,07:45:57,481.00
2024-11-13,07:51:03,479.00
2024-11-13,07:55:56,457.00
2024-11-13,08:01,468.00
2024-11-13,08:05:56,473.00
2024-11-13,08:11:02,457.00
2024-11-13,08:15:57,461.00
2024-11-13,08:21:02,474.00
2024-11-13,08:25:56,479.00
2024-11-13,08:31:02,452.00
2024-11-13,08:35:57,452.00
2024-11-13,08:41,498.00
2024-11-13,08:45:57,532.00
2024-11-13,08:51:04,510.00
2024-11-13,08:55:56,491.00
2024-11-13,09:01,476.00
2024-11-13,09:05:57,474.00
2024-11-13,09:11:03,484.00
2024-11-13,09:15:56,458.00
2024-11-13,09:21,458.00
2024-11-13,09:25:56,472.00
2024-11-13,09:31:02,459.00
2024-11-13,09:35:56,471.00
2024-11-13,09:41:01,487.00
2024-11-13,09:45:57,459.00
2024-11-13,09:51:03,474.00
2024-11-13,09:55:57,494.00
2024-11-13,10:01,471.00
2024-11-13,10:05:56,442.00
2024-11-13,10:11:03,437.00
2024-11-13,10:15:56,451.00
2024-11-13,10:21,436.00
2024-11-13,10:25:56,438.00
2024-11-13,10:31:02,458.00
2024-11-13,10:35:56,479.00
2024-11-13,10:41:01,476.00
2024-11-13,10:45:56,448.00
2024-11-13,10:51:02,438.00
2024-11-13,10:55:58,455.00
2024-11-13,11:01:02,450.00
2024-11-13,11:05:58,450.00
2024-11-13,11:11:05,454.00
2024-11-13,11:15:58,446.00
2024-11-13,11:21:02,460.00
2024-11-13,11:25:57,491.00
2024-11-13,11:31:04,501.00
2024-11-13,11:35:58,480.00
2024-11-13,11:41:02,492.00
2024-11-13,11:45:57,493.00
2024-11-13,11:51:03,470.00
2024-11-13,11:55:57,481.00
2024-11-13,12:01:02,494.00
2024-11-13,12:05:58,487.00
2024-11-13,12:11:04,489.00
2024-11-13,12:15:58,483.00
2024-11-13,12:21:02,473.00
2024-11-13,12:25:58,489.00
2024-11-13,12:31:05,492.00
2024-11-13,12:35:58,471.00
2024-11-13,12:41:02,476.00
2024-11-13,12:45:58,468.00
2024-11-13,12:51:04,436.00
2024-11-13,12:55:57,463.00
2024-11-13,13:01:01,482.00
2024-11-13,13:05:57,475.00
2024-11-13,13:11:03,483.00
2024-11-13,13:15:58,470.00
2024-11-13,13:21:02,460.00
2024-11-13,13:25:57,495.00
2024-11-13,13:31:03,506.00
2024-11-13,13:35:56,463.00
2024-11-13,13:41:01,438.00
2024-11-13,13:45:58,455.00
2024-11-13,13:51:05,504.00
2024-11-13,13:55:58,515.00
2024-11-13,14:01:02,485.00
2024-11-13,14:05:57,487.00
2024-11-13,14:11:04,483.00
2024-11-13,14:15:59,472.00
2024-11-13,14:21:03,481.00
2024-11-13,14:25:59,486.00
2024-11-13,14:31:05,464.00
2024-11-13,14:35:59,479.00
2024-11-13,14:41:03,495.00
2024-11-13,14:45:59,484.00
2024-11-13,14:51:05,475.00
2024-11-13,14:55:57,456.00
2024-11-13,15:01:02,474.00
2024-11-13,15:05:59,498.00
2024-11-13,15:11:05,483.00
2024-11-13,15:15:59,476.00
2024-11-13,15:21:03,489.00
2024-11-13,15:25:58,491.00
2024-11-13,15:31:05,484.00
2024-11-13,15:35:59,471.00
2024-11-13,15:41:02,450.00
2024-11-13,15:45:59,496.00
2024-11-13,15:51:05,532.00
2024-11-13,15:55:58,525.00
2024-11-13,16:01:03,509.00
2024-11-13,16:05:59,492.00
2024-11-13,16:11:05,516.00
2024-11-13,16:15:59,530.00
2024-11-13,16:21:03,535.00
2024-11-13,16:25:58,526.00
2024-11-13,16:31:05,513.00
2024-11-13,16:35:59,495.00
2024-11-13,16:41:03,495.00
2024-11-13,16:45:58,504.00
2024-11-13,16:51:05,499.00
2024-11-13,16:55:59,484.00
2024-11-13,17:01:02,472.00
2024-11-13,17:06,486.00
2024-11-13,17:11:06,501.00
2024-11-13,17:15:58,519.00
2024-11-13,17:21:03,496.00
2024-11-13,17:25:59,473.00
2024-11-13,17:31:04,476.00
2024-11-13,17:35:59,463.00
2024-11-13,17:41:03,470.00
2024-11-13,17:45:59,494.00
2024-11-13,17:51:06,499.00
2024-11-13,17:56,496.00
2024-11-13,18:01:03,503.00
2024-11-13,18:06,505.00
2024-11-13,18:11:06,487.00
2024-11-13,18:16,483.00
2024-11-13,18:21:04,463.00
2024-11-13,18:26,450.00
2024-11-13,18:31:06,486.00
2024-11-13,18:35:59,519.00
2024-11-13,18:41:04,526.00
2024-11-13,18:45:59,494.00
2024-11-13,18:51:05,466.00
2024-11-13,18:56,477.00
2024-11-13,19:01:04,488.00
2024-11-13,19:05:59,486.00
2024-11-13,19:11:06,496.00
2024-11-13,19:16,499.00
2024-11-13,19:21:03,503.00
2024-11-13,19:26,487.00
2024-11-13,19:31:06,442.00
2024-11-13,19:35:59,457.00
2024-11-13,19:41:04,476.00
2024-11-13,19:46,479.00
2024-11-13,19:51:05,474.00
2024-11-13,19:55:59,466.00
2024-11-13,20:01:04,487.00
2024-11-13,20:05:59,472.00
2024-11-13,20:11:06,489.00
2024-11-13,20:16,489.00
2024-11-13,20:21:03,496.00
2024-11-13,20:25:59,503.00
2024-11-13,20:31:06,471.00
2024-11-13,20:35:59,479.00
2024-11-13,20:41:03,467.00
2024-11-13,20:46,466.00
2024-11-13,20:51:06,489.00
2024-11-13,20:55:59,487.00
2024-11-13,21:01:04,469.00
2024-11-13,21:06:01,478.00
2024-11-13,21:11:07,484.00
2024-11-13,21:16,462.00
2024-11-13,21:21:05,485.00
2024-11-13,21:26,521.00
2024-11-13,21:31:07,497.00
2024-11-13,21:36:01,461.00
2024-11-13,21:41:04,471.00
2024-11-13,21:46,489.00
2024-11-13,21:51:07,508.00
2024-11-13,21:56,513.00
2024-11-13,22:01:04,500.00
2024-11-13,22:06:01,496.00
2024-11-13,22:11:06,474.00
2024-11-13,22:16,487.00
2024-11-13,22:21:05,487.00
2024-11-13,22:26,481.00
2024-11-13,22:31:06,518.00
2024-11-13,22:36,512.00
2024-11-13,22:41:04,485.00
2024-11-13,22:46,485.00
2024-11-13,22:51:07,490.00
2024-11-13,22:56:01,484.00
2024-11-13,23:01:05,463.00
2024-11-13,23:06,475.00
2024-11-13,23:11:07,486.00
2024-11-13,23:16:01,467.00
2024-11-13,23:21:05,471.00
2024-11-13,23:26:01,472.00
2024-11-13,23:31:07,488.00
2024-11-13,23:36:01,490.00
2024-11-13,23:41:06,482.00
2024-11-13,23:46:01,465.00
2024-11-13,23:51:07,475.00
2024-11-13,23:56,501.00
2024-11-14,00:01:04,502.00
2024-11-14,00:06,509.00
2024-11-14,00:11:07,516.00
2024-11-14,00:16,486.00
2024-11-14,00:21:04,460.00
2024-11-14,00:26:02,484.00
2024-11-14,00:31:08,492.00
2024-11-14,00:36:01,499.00
2024-11-14,00:41:05,511.00
2024-11-14,00:46:01,518.00
2024-11-14,00:51:07,505.00
2024-11-14,00:56:01,503.00
2024-11-14,01:01:05,497.00
2024-11-14,01:06:01,491.00
2024-11-14,01:11:07,503.00
2024-11-14,01:16:01,511.00
2024-11-14,01:21:05,515.00
2024-11-14,01:26:02,510.00
2024-11-14,01:31:09,497.00
2024-11-14,01:36:01,508.00
2024-11-14,01:41:05,520.00
2024-11-14,01:46:01,513.00
2024-11-14,01:51:07,491.00
2024-11-14,01:56:01,481.00
2024-11-14,02:01:05,495.00
2024-11-14,02:06:01,493.00
2024-11-14,02:11:07,523.00
2024-11-14,02:16:01,523.00
2024-11-14,02:21:05,473.00
2024-11-14,02:26:01,502.00
2024-11-14,02:31:07,518.00
2024-11-14,02:36:02,499.00
2024-11-14,02:41:06,517.00
2024-11-14,02:46:01,535.00
2024-11-14,02:51:08,515.00
2024-11-14,02:56:01,499.00
2024-11-14,03:01:05,496.00
2024-11-14,03:06:01,495.00
2024-11-14,03:11:07,509.00
2024-11-14,03:16:02,479.00
2024-11-14,03:21:05,471.00
2024-11-14,03:26:01,470.00
2024-11-14,03:31:07,474.00
2024-11-14,03:36,488.00
2024-11-14,03:41:05,477.00
2024-11-14,03:46:01,474.00
2024-11-14,03:51:07,477.00
2024-11-14,03:56:03,509.00
2024-11-14,04:01:07,537.00
2024-11-14,04:06:01,527.00
2024-11-14,04:11:08,515.00
2024-11-14,04:16:02,478.00
2024-11-14,04:21:06,467.00
2024-11-14,04:26:02,493.00
2024-11-14,04:31:08,490.00
2024-11-14,04:36:02,487.00
2024-11-14,04:41:06,512.00
2024-11-14,04:46:02,513.00
2024-11-14,04:51:08,509.00
2024-11-14,04:56:01,535.00
2024-11-14,05:01:06,531.00
2024-11-14,05:06:02,515.00
2024-11-14,05:11:09,500.00
2024-11-14,05:16:02,489.00
2024-11-14,05:21:06,499.00
2024-11-14,05:26:02,510.00
2024-11-14,05:31:09,510.00
2024-11-14,05:36:02,511.00
2024-11-14,05:41:06,496.00
2024-11-14,05:46:03,476.00
2024-11-14,05:51:09,509.00
2024-11-14,05:56:02,562.00
2024-11-14,06:01:06,526.00
2024-11-14,06:06:02,478.00
2024-11-14,06:11:08,504.00
2024-11-14,06:16:01,508.00
2024-11-14,06:21:06,491.00
2024-11-14,06:26:01,485.00
2024-11-14,06:31:08,476.00
2024-11-14,06:36:02,486.00
2024-11-14,06:41:06,497.00
2024-11-14,06:46:01,510.00
2024-11-14,06:51:08,501.00
2024-11-14,06:56:02,470.00
2024-11-14,07:01:05,468.00
2024-11-14,07:06:03,466.00
2024-11-14,07:11:09,491.00
2024-11-14,07:16:03,512.00
2024-11-14,07:21:08,497.00
2024-11-14,07:26:04,484.00
2024-11-14,07:31:10,470.00
2024-11-14,07:36:03,484.00
2024-11-14,07:41:08,487.00
2024-11-14,07:46:03,489.00
2024-11-14,07:51:10,498.00
2024-11-14,07:56:04,482.00
2024-11-14,08:01:08,446.00
2024-11-14,08:06:03,450.00
2024-11-14,08:11:10,479.00
2024-11-14,08:16:04,487.00
2024-11-14,08:21:07,502.00
2024-11-14,08:26:04,487.00
2024-11-14,08:31:10,474.00
2024-11-14,08:36:03,497.00
2024-11-14,08:41:08,486.00
2024-11-14,08:46:03,467.00
2024-11-14,08:51:09,472.00
2024-11-14,08:56:03,485.00
2024-11-14,09:01:08,477.00
2024-11-14,09:06:03,467.00
2024-11-14,09:11:10,459.00
2024-11-14,09:16:04,456.00
2024-11-14,09:21:07,488.00
2024-11-14,09:26:03,507.00
2024-11-14,09:31:10,520.00
2024-11-14,09:36:03,490.00
2024-11-14,09:41:07,453.00
2024-11-14,09:46:04,455.00
2024-11-14,09:51:10,490.00
2024-11-14,09:56:03,485.00
2024-11-14,10:01:08,463.00
2024-11-14,10:06:03,481.00
2024-11-14,10:11:09,489.00
2024-11-14,10:16:04,482.00
2024-11-14,10:21:08,463.00
2024-11-14,10:26:04,462.00
2024-11-14,10:31:11,462.00
2024-11-14,10:36:05,464.00
2024-11-14,10:41:08,472.00
2024-11-14,10:46:05,478.00
2024-11-14,10:51:11,511.00
2024-11-14,10:56:04,491.00
2024-11-14,11:01:08,466.00
2024-11-14,11:06:05,466.00
2024-11-14,11:11:10,458.00
2024-11-14,11:16:04,474.00
2024-11-14,11:21:09,491.00
2024-11-14,11:26:04,493.00
2024-11-14,11:31:10,476.00
2024-11-14,11:36:05,470.00
2024-11-14,11:41:08,485.00
2024-11-14,11:46:04,487.00
2024-11-14,11:51:11,454.00
2024-11-14,11:56:04,455.00
2024-11-14,12:01:08,459.00
2024-11-14,12:06:05,456.00
2024-11-14,12:11:11,475.00
2024-11-14,12:16:04,486.00
2024-11-14,12:21:08,477.00
2024-11-14,12:26:04,470.00
2024-11-14,12:31:10,460.00
2024-11-14,12:36:04,458.00
2024-11-14,12:41:09,470.00
2024-11-14,12:46:04,453.00
2024-11-14,12:51:10,432.00
2024-11-14,12:56:05,466.00
2024-11-14,13:01:08,481.00
2024-11-14,13:06:04,448.00
2024-11-14,13:11:11,448.00
2024-11-14,13:16:04,449.00
2024-11-14,13:21:08,467.00
2024-11-14,13:26:05,477.00
2024-11-14,13:31:10,463.00
2024-11-14,13:36:04,455.00
2024-11-14,13:41:08,455.00
2024-11-14,13:46:04,490.00
2024-11-14,13:51:10,503.00
2024-11-14,13:56:04,484.00
2024-11-14,14:01:08,476.00
2024-11-14,14:06:05,476.00
2024-11-14,14:11:11,475.00
2024-11-14,14:16:05,482.00
2024-11-14,14:21:09,499.00
2024-11-14,14:26:05,500.00
2024-11-14,14:31:12,501.00
2024-11-14,14:36:05,506.00
2024-11-14,14:41:09,486.00
2024-11-14,14:46:06,474.00
2024-11-14,14:51:12,465.00
2024-11-14,14:56:05,464.00
2024-11-14,15:01:10,477.00
2024-11-14,15:06:05,469.00
2024-11-14,15:11:11,466.00
2024-11-14,15:16:05,459.00
2024-11-14,15:21:09,494.00
2024-11-14,15:26:05,524.00
2024-11-14,15:31:12,500.00
2024-11-14,15:36:05,500.00
2024-11-14,15:41:09,494.00
2024-11-14,15:46:05,505.00
2024-11-14,15:51:11,503.00
2024-11-14,15:56:05,476.00
2024-11-14,16:01:09,464.00
2024-11-14,16:06:05,484.00
2024-11-14,16:11:11,497.00
2024-11-14,16:16:05,491.00
2024-11-14,16:21:09,533.00
2024-11-14,16:26:05,522.00
2024-11-14,16:31:11,499.00
2024-11-14,16:36:04,483.00
2024-11-14,16:41:09,473.00
2024-11-14,16:46:05,493.00
2024-11-14,16:51:12,492.00
2024-11-14,16:56:05,490.00
2024-11-14,17:01:09,482.00
2024-11-14,17:06:04,483.00
2024-11-14,17:11:11,505.00
2024-11-14,17:16:05,505.00
2024-11-14,17:21:09,505.00
2024-11-14,17:26:06,518.00
2024-11-14,17:31:12,485.00
2024-11-14,17:36:06,484.00
2024-11-14,17:41:10,502.00
2024-11-14,17:46:06,482.00
2024-11-14,17:51:12,475.00
2024-11-14,17:56:05,479.00
2024-11-14,18:01:10,495.00
2024-11-14,18:06:06,480.00
2024-11-14,18:11:12,475.00
2024-11-14,18:16:06,469.00
2024-11-14,18:21:10,435.00
2024-11-14,18:26:05,456.00
2024-11-14,18:31:12,505.00
2024-11-14,18:36:07,497.00
2024-11-14,18:41:10,474.00
2024-11-14,18:46:06,499.00
2024-11-14,18:51:12,496.00
2024-11-14,18:56:05,483.00
2024-11-14,19:01:10,516.00
2024-11-14,19:06:06,519.00
2024-11-14,19:11:12,508.00
2024-11-14,19:16:05,485.00
2024-11-14,19:21:10,481.00
2024-11-14,19:26:05,509.00
2024-11-14,19:31:12,494.00
2024-11-14,19:36:06,486.00
2024-11-14,19:41:10,506.00
2024-11-14,19:46:05,531.00
2024-11-14,19:51:12,515.00
2024-11-14,19:56:06,495.00
2024-11-14,20:01:09,491.00
2024-11-14,20:06:07,479.00
2024-11-14,20:11:13,480.00
2024-11-14,20:16:05,499.00
2024-11-14,20:21:10,476.00
2024-11-14,20:26:06,475.00
2024-11-14,20:31:12,479.00
2024-11-14,20:36:06,457.00
2024-11-14,20:41:10,470.00
2024-11-14,20:46:06,489.00
2024-11-14,20:51:13,485.00
2024-11-14,20:56:07,468.00
2024-11-14,21:01:10,461.00
2024-11-14,21:06:07,429.00
2024-11-14,21:11:13,442.00
2024-11-14,21:16:06,478.00
2024-11-14,21:21:10,485.00
2024-11-14,21:26:07,473.00
2024-11-14,21:31:13,479.00
2024-11-14,21:36:06,484.00
2024-11-14,21:41:11,461.00
2024-11-14,21:46:06,463.00
2024-11-14,21:51:12,453.00
2024-11-14,21:56:07,450.00
2024-11-14,22:01:11,469.00
2024-11-14,22:06:06,477.00
2024-11-14,22:11:13,490.00
2024-11-14,22:16:07,490.00
2024-11-14,22:21:10,468.00
2024-11-14,22:26:07,474.00
2024-11-14,22:31:13,483.00
2024-11-14,22:36:07,460.00
2024-11-14,22:41:11,447.00
2024-11-14,22:46:07,479.00
2024-11-14,22:51:13,473.00
2024-11-14,22:56:07,473.00
2024-11-14,23:01:12,498.00
2024-11-14,23:06:07,493.00
2024-11-14,23:11:13,507.00
2024-11-14,23:16:07,503.00
2024-11-14,23:21:10,502.00
2024-11-14,23:26:07,492.00
2024-11-14,23:31:14,484.00
2024-11-14,23:36:06,472.00
2024-11-14,23:41:10,477.00
2024-11-14,23:46:08,511.00
2024-11-14,23:51:14,495.00
2024-11-14,23:56:06,477.00
2024-11-15,00:01:11,474.00
2024-11-15,00:06:08,473.00
2024-11-15,00:11:14,501.00
2024-11-15,00:16:08,485.00
2024-11-15,00:21:13,475.00
2024-11-15,00:26:07,494.00
2024-11-15,00:31:14,491.00
2024-11-15,00:36:09,523.00
2024-11-15,00:41:12,532.00
2024-11-15,00:46:08,517.00
2024-11-15,00:51:15,526.00
2024-11-15,00:56:07,512.00
2024-11-15,01:01:11,522.00
2024-11-15,01:06:09,539.00
2024-11-15,01:11:15,521.00
2024-11-15,01:16:08,538.00
2024-11-15,01:21:13,540.00
2024-11-15,01:26:07,542.00
2024-11-15,01:31:13,547.00
2024-11-15,01:36:08,529.00
2024-11-15,01:41:12,517.00
2024-11-15,01:46:08,489.00
2024-11-15,01:51:15,501.00
2024-11-15,01:56:08,532.00
2024-11-15,02:01:12,549.00
2024-11-15,02:06:08,540.00
2024-11-15,02:11:15,519.00
2024-11-15,02:16:08,525.00
2024-11-15,02:21:12,524.00
2024-11-15,02:26:07,531.00
2024-11-15,02:31:13,535.00
2024-11-15,02:36:08,518.00
2024-11-15,02:41:13,520.00
2024-11-15,02:46:08,524.00
2024-11-15,02:51:14,525.00
2024-11-15,02:56:08,531.00
2024-11-15,03:01:12,511.00
2024-11-15,03:06:08,489.00
2024-11-15,03:11:15,511.00
2024-11-15,03:16:08,513.00
2024-11-15,03:21:12,500.00
2024-11-15,03:26:08,505.00
2024-11-15,03:31:15,513.00
2024-11-15,03:36:09,519.00
2024-11-15,03:41:13,533.00
2024-11-15,03:46:09,565.00
2024-11-15,03:51:15,545.00
2024-11-15,03:56:09,528.00
2024-11-15,04:01:14,524.00
2024-11-15,04:06:09,510.00
2024-11-15,04:11:15,516.00
2024-11-15,04:16:08,532.00
2024-11-15,04:21:13,537.00
2024-11-15,04:26:09,519.00
2024-11-15,04:31:16,537.00
2024-11-15,04:36:09,545.00
2024-11-15,04:41:13,549.00
2024-11-15,04:46:08,548.00
2024-11-15,04:51:15,529.00
2024-11-15,04:56:09,521.00
2024-11-15,05:01:13,514.00
2024-11-15,05:06:10,525.00
2024-11-15,05:11:16,539.00
2024-11-15,05:16:09,537.00
2024-11-15,05:21:13,524.00
2024-11-15,05:26:09,529.00
2024-11-15,05:31:15,543.00
2024-11-15,05:36:09,546.00
2024-11-15,05:41:13,561.00
2024-11-15,05:46:10,601.00
2024-11-15,05:51:17,563.00
2024-11-15,05:56:09,508.00
2024-11-15,06:01:13,522.00
2024-11-15,06:06:09,537.00
2024-11-15,06:11:15,521.00
2024-11-15,06:16:09,527.00
2024-11-15,06:21:13,538.00
2024-11-15,06:26:09,547.00
2024-11-15,06:31:15,565.00
2024-11-15,06:36:08,545.00
2024-11-15,06:41:13,540.00
2024-11-15,06:46:09,547.00
2024-11-15,06:51:15,524.00
2024-11-15,06:56:10,503.00
2024-11-15,07:01:14,519.00
2024-11-15,07:06:09,509.00
2024-11-15,07:11:16,509.00
2024-11-15,07:16:10,532.00
2024-11-15,07:21:14,516.00
2024-11-15,07:26:10,503.00
2024-11-15,07:31:16,518.00
2024-11-15,07:36:10,512.00
2024-11-15,07:41:14,474.00
2024-11-15,07:46:10,463.00
2024-11-15,07:51:16,477.00
2024-11-15,07:56:10,501.00
2024-11-15,08:01:15,486.00
2024-11-15,08:06:11,479.00
2024-11-15,08:11:18,500.00
2024-11-15,08:16:10,504.00
2024-11-15,08:21:14,490.00
2024-11-15,08:26:10,460.00
2024-11-15,08:31:17,449.00
2024-11-15,08:36:11,474.00
2024-11-15,08:41:14,475.00
2024-11-15,08:46:10,480.00
2024-11-15,08:51:16,482.00
2024-11-15,08:56:09,503.00
2024-11-15,09:01:14,510.00
2024-11-15,09:06:10,457.00
2024-11-15,09:11:16,453.00
2024-11-15,09:16:09,434.00
2024-11-15,09:21:14,430.00
2024-11-15,09:26:09,454.00
2024-11-15,09:31:16,462.00
2024-11-15,09:36:10,492.00
2024-11-15,09:41:14,504.00
2024-11-15,09:46:09,502.00
2024-11-15,09:51:16,499.00
2024-11-15,09:56:10,480.00
2024-11-15,10:01:13,480.00
2024-11-15,10:06:10,478.00
2024-11-15,10:11:16,478.00
2024-11-15,10:16:11,461.00
2024-11-15,10:21:16,442.00
2024-11-15,10:26:11,454.00
2024-11-15,10:31:17,454.00
2024-11-15,10:36:10,474.00
2024-11-15,10:41:15,485.00
2024-11-15,10:46:10,479.00
2024-11-15,10:51:17,478.00
2024-11-15,10:56:11,497.00
2024-11-15,11:01:14,502.00
2024-11-15,11:06:10,483.00
2024-11-15,11:11:17,480.00
2024-11-15,11:16:10,481.00
2024-11-15,11:21:14,476.00
2024-11-15,11:26:11,482.00
2024-11-15,11:31:17,509.00
2024-11-15,11:36:10,503.00
2024-11-15,11:41:15,472.00
2024-11-15,11:46:10,474.00
2024-11-15,11:51:16,467.00
2024-11-15,11:56:11,454.00
2024-11-15,12:01:15,473.00
2024-11-15,12:06:10,480.00
2024-11-15,12:11:17,484.00
2024-11-15,12:16:11,499.00
2024-11-15,12:21:14,518.00
2024-11-15,12:26:11,486.00
2024-11-15,12:31:17,463.00
2024-11-15,12:36:10,496.00
2024-11-15,12:41:14,506.00
2024-11-15,12:46:11,517.00
2024-11-15,12:51:17,509.00
2024-11-15,12:56:10,512.00
2024-11-15,13:01:15,517.00
2024-11-15,13:06:10,510.00
2024-11-15,13:11:16,506.00
2024-11-15,13:16:12,509.00
2024-11-15,13:21:15,514.00
2024-11-15,13:26:10,517.00
2024-11-15,13:31:17,514.00
2024-11-15,13:36:12,491.00
2024-11-15,13:41:16,483.00
2024-11-15,13:46:12,507.00
2024-11-15,13:51:18,493.00
2024-11-15,13:56:11,469.00
2024-11-15,14:01:15,490.00
2024-11-15,14:06:12,495.00
2024-11-15,14:11:18,489.00
2024-11-15,14:16:11,484.00
2024-11-15,14:21:16,480.00
2024-11-15,14:26:11,488.00
2024-11-15,14:31:17,473.00
2024-11-15,14:36:12,460.00
2024-11-15,14:41:15,476.00
2024-11-15,14:46:11,468.00
2024-11-15,14:51:18,459.00
2024-11-15,14:56:11,472.00
2024-11-15,15:01:15,483.00
2024-11-15,15:06:12,480.00
2024-11-15,15:11:18,442.00
2024-11-15,15:16:11,430.00
2024-11-15,15:21:16,466.00
2024-11-15,15:26:11,485.00
2024-11-15,15:31:17,473.00
2024-11-15,15:36:11,446.00
2024-11-15,15:41:15,453.00
2024-11-15,15:46:11,461.00
2024-11-15,15:51:18,477.00
2024-11-15,15:56:11,483.00
2024-11-15,16:01:15,468.00
2024-11-15,16:16:11,457.00
2024-11-15,16:21:15,449.00
2024-11-15,16:26:11,454.00
2024-11-15,16:31:17,463.00
2024-11-15,16:36:12,460.00
2024-11-15,16:41:17,484.00
2024-11-15,16:46:11,489.00
2024-11-15,16:51:17,461.00
2024-11-15,16:56:11,463.00
2024-11-15,17:01:15,475.00
2024-11-15,17:06:12,462.00
2024-11-15,17:11:19,449.00
2024-11-15,17:16:12,467.00
2024-11-15,17:21:16,466.00
2024-11-15,17:26:13,453.00
2024-11-15,17:31:20,455.00
2024-11-15,17:36:12,486.00
2024-11-15,17:41:16,511.00
2024-11-15,17:46:13,487.00
2024-11-15,17:51:19,472.00
2024-11-15,17:56:13,446.00
2024-11-15,18:01:17,448.00
2024-11-15,18:06:12,450.00
2024-11-15,18:11:18,453.00
2024-11-15,18:16:12,472.00
2024-11-15,18:21:17,451.00
2024-11-15,18:26:12,473.00
2024-11-15,18:31:19,493.00
2024-11-15,18:36:13,466.00
2024-11-15,18:41:17,450.00
2024-11-15,18:46:12,452.00
2024-11-15,18:51:19,463.00
2024-11-15,18:56:12,480.00
2024-11-15,19:01:16,503.00
2024-11-15,19:06:13,489.00
2024-11-15,19:11:19,501.00
2024-11-15,19:16:12,496.00
2024-11-15,19:21:16,493.00
2024-11-15,19:26:13,503.00
2024-11-15,19:31:19,495.00
2024-11-15,19:36:13,499.00
2024-11-15,19:41:17,486.00
2024-11-15,19:46:13,485.00
2024-11-15,19:51:19,492.00
2024-11-15,19:56:13,483.00
2024-11-15,20:01:17,482.00
2024-11-15,20:06:13,488.00
2024-11-15,20:11:19,474.00
2024-11-15,20:16:13,489.00
2024-11-15,20:21:16,495.00
2024-11-15,20:26:14,493.00
2024-11-15,20:31:20,497.00
2024-11-15,20:36:13,507.00
2024-11-15,20:41:18,513.00
2024-11-15,20:46:14,488.00
2024-11-15,20:51:20,465.00
2024-11-15,20:56:14,480.00
2024-11-15,21:01:18,509.00
2024-11-15,21:06:13,503.00
2024-11-15,21:11:20,480.00
2024-11-15,21:16:14,501.00
2024-11-15,21:21:18,528.00
2024-11-15,21:26:15,515.00
2024-11-15,21:31:21,499.00
2024-11-15,21:36:14,485.00
2024-11-15,21:41:18,487.00
2024-11-15,21:46:14,510.00
2024-11-15,21:51:20,514.00
2024-11-15,21:56:13,491.00
2024-11-15,22:01:18,478.00
2024-11-15,22:06:14,491.00
2024-11-15,22:11:20,477.00
2024-11-15,22:16:14,462.00
2024-11-15,22:21:18,485.00
2024-11-15,22:26:13,500.00
2024-11-15,22:31:20,489.00
2024-11-15,22:36:14,455.00
2024-11-15,22:41:17,467.00
2024-11-15,22:46:14,495.00
2024-11-15,22:51:20,506.00
2024-11-15,22:56:13,496.00
2024-11-15,23:01:18,492.00
2024-11-15,23:06:14,477.00
2024-11-15,23:11:20,506.00
2024-11-15,23:16:13,525.00
2024-11-15,23:21:18,490.00
2024-11-15,23:26:13,488.00
2024-11-15,23:31:20,487.00
2024-11-15,23:36:14,501.00
2024-11-15,23:41:18,501.00
2024-11-15,23:46:14,513.00
2024-11-15,23:51:21,494.00
2024-11-15,23:56:16,473.00
2024-11-16,00:01:19,475.00
2024-11-16,00:06:15,486.00
2024-11-16,00:11:21,505.00
2024-11-16,00:16:14,510.00
2024-11-16,00:21:19,500.00
2024-11-16,00:26:14,488.00
2024-11-16,00:31:20,472.00
2024-11-16,00:36:15,469.00
2024-11-16,00:41:19,470.00
2024-11-16,00:46:14,463.00
2024-11-16,00:51:21,477.00
2024-11-16,00:56:15,480.00
2024-11-16,01:01:18,498.00
2024-11-16,01:06:15,503.00
2024-11-16,01:11:21,486.00
2024-11-16,01:16:14,475.00
2024-11-16,01:21:18,492.00
2024-11-16,01:26:15,502.00
2024-11-16,01:31:21,478.00
2024-11-16,01:36:14,482.00
2024-11-16,01:41:19,493.00
2024-11-16,01:46:15,490.00
2024-11-16,01:51:21,490.00
2024-11-16,01:56:16,500.00
2024-11-16,02:01:20,500.00
2024-11-16,02:06:14,476.00
2024-11-16,02:11:21,478.00
2024-11-16,02:16:14,491.00
2024-11-16,02:21:18,468.00
2024-11-16,02:26:16,494.00
2024-11-16,02:31:22,515.00
2024-11-16,02:36:14,476.00
2024-11-16,02:41:19,476.00
2024-11-16,02:46:15,479.00
2024-11-16,02:51:21,461.00
2024-11-16,02:56:14,473.00
2024-11-16,03:01:19,511.00
2024-11-16,03:06:15,500.00
2024-11-16,03:11:22,494.00
2024-11-16,03:16:16,511.00
2024-11-16,03:21:19,484.00
2024-11-16,03:26:15,464.00
2024-11-16,03:31:22,452.00
2024-11-16,03:36:15,486.00
2024-11-16,03:41:19,500.00
2024-11-16,03:46:16,468.00
2024-11-16,03:51:22,481.00
2024-11-16,03:56:15,475.00
2024-11-16,04:01:20,483.00
2024-11-16,04:06:15,523.00
2024-11-16,04:11:21,525.00
2024-11-16,04:16:15,502.00
2024-11-16,04:21:19,499.00
2024-11-16,04:26:15,495.00
2024-11-16,04:31:22,495.00
2024-11-16,04:36:15,504.00
2024-11-16,04:41:19,532.00
2024-11-16,04:46:16,511.00
2024-11-16,04:51:23,467.00
2024-11-16,04:56:15,453.00
2024-11-16,05:01:19,459.00
2024-11-16,05:06:15,486.00
2024-11-16,05:11:21,460.00
2024-11-16,05:16:15,419.00
2024-11-16,05:21:20,452.00
2024-11-16,05:26:15,475.00
2024-11-16,05:31:21,458.00
2024-11-16,05:36:16,488.00
2024-11-16,05:41:19,508.00
2024-11-16,05:46:15,508.00
2024-11-16,05:51:22,510.00
2024-11-16,05:56:16,493.00
2024-11-16,06:01:20,473.00
2024-11-16,06:06:16,467.00
2024-11-16,06:11:21,468.00
2024-11-16,06:16:16,477.00
2024-11-16,06:21:20,472.00
2024-11-16,06:26:16,466.00
2024-11-16,06:31:22,456.00
2024-11-16,06:36:16,463.00
2024-11-16,06:41:20,479.00
2024-11-16,06:46:16,486.00
2024-11-16,06:51:22,485.00
2024-11-16,06:56:16,491.00
2024-11-16,07:01:20,503.00
2024-11-16,07:06:16,482.00
2024-11-16,07:11:23,463.00
2024-11-16,07:16:16,454.00
2024-11-16,07:21:20,479.00
2024-11-16,07:26:16,487.00
2024-11-16,07:31:22,469.00
2024-11-16,07:36:16,491.00
2024-11-16,07:41:21,490.00
2024-11-16,07:46:16,480.00
2024-11-16,07:51:22,491.00
2024-11-16,07:56:16,516.00
2024-11-16,08:01:20,514.00
2024-11-16,08:06:16,470.00
2024-11-16,08:11:23,469.00
2024-11-16,08:16:16,468.00
2024-11-16,08:21:20,470.00
2024-11-16,08:26:16,479.00
2024-11-16,08:31:22,495.00
2024-11-16,08:36:16,506.00
2024-11-16,08:41:20,472.00
2024-11-16,08:46:17,465.00
2024-11-16,08:51:23,480.00
2024-11-16,08:56:16,461.00
2024-11-16,09:01:20,470.00
2024-11-16,09:06:16,472.00
2024-11-16,09:11:22,464.00
2024-11-16,09:16:15,465.00
2024-11-16,09:21:20,446.00
2024-11-16,09:26:16,466.00
2024-11-16,09:31:23,460.00
2024-11-16,09:36:16,458.00
2024-11-16,09:41:20,465.00
2024-11-16,09:46:15,462.00
2024-11-16,09:51:22,452.00
2024-11-16,09:56:17,443.00
2024-11-16,10:01:21,461.00
2024-11-16,10:06:17,456.00
2024-11-16,10:11:23,465.00
2024-11-16,10:16:17,475.00
2024-11-16,10:21:21,483.00
2024-11-16,10:26:17,514.00
2024-11-16,10:31:23,503.00
2024-11-16,10:36:17,486.00
2024-11-16,10:41:21,474.00
2024-11-16,10:46:16,463.00
2024-11-16,10:51:23,447.00
2024-11-16,10:56:17,467.00
2024-11-16,11:01:21,494.00
2024-11-16,11:06:17,483.00
2024-11-16,11:11:23,455.00
2024-11-16,11:16:17,441.00
2024-11-16,11:21:20,461.00
2024-11-16,11:26:18,470.00
2024-11-16,11:31:24,476.00
2024-11-16,11:36:17,468.00
2024-11-16,11:41:22,473.00
2024-11-16,11:46:17,469.00
2024-11-16,11:51:23,482.00
2024-11-16,11:56:18,487.00
2024-11-16,12:01:22,464.00
2024-11-16,12:06:17,451.00
2024-11-16,12:11:24,450.00
2024-11-16,12:16:18,449.00
2024-11-16,12:21:21,465.00
2024-11-16,12:26:17,469.00
2024-11-16,12:31:23,458.00
2024-11-16,12:36:16,464.00
2024-11-16,12:41:21,469.00
2024-11-16,12:46:18,490.00
2024-11-16,12:51:24,493.00
2024-11-16,12:56:17,477.00
2024-11-16,13:01:22,470.00
2024-11-16,13:06:17,467.00
2024-11-16,13:11:24,457.00
2024-11-16,13:16:19,461.00
2024-11-16,13:21:23,456.00
2024-11-16,13:26:18,469.00
2024-11-16,13:31:25,500.00
2024-11-16,13:36:19,494.00
2024-11-16,13:41:22,461.00
2024-11-16,13:46:19,446.00
2024-11-16,13:51:25,465.00
2024-11-16,13:56:18,460.00
2024-11-16,14:01:23,424.00
2024-11-16,14:06:19,446.00
2024-11-16,14:11:24,481.00
2024-11-16,14:16:18,454.00
2024-11-16,14:21:23,452.00
2024-11-16,14:26:18,472.00
2024-11-16,14:31:25,479.00
2024-11-16,14:36:19,467.00
2024-11-16,14:41:22,449.00
2024-11-16,14:46:18,467.00
2024-11-16,14:51:25,479.00
2024-11-16,14:56:18,480.00
2024-11-16,15:01:22,466.00
2024-11-16,15:06:19,451.00
2024-11-16,15:11:25,448.00
2024-11-16,15:16:18,449.00
2024-11-16,15:21:23,453.00
2024-11-16,15:26:18,466.00
2024-11-16,15:31:24,498.00
2024-11-16,15:36:19,493.00
2024-11-16,15:41:23,492.00
2024-11-16,15:46:18,476.00
2024-11-16,15:51:25,429.00
2024-11-16,15:56:19,430.00
2024-11-16,16:01:22,450.00
2024-11-16,16:06:19,477.00
2024-11-16,16:11:25,492.00
2024-11-16,16:16:18,483.00
2024-11-16,16:21:22,485.00
2024-11-16,16:26:19,477.00
2024-11-16,16:31:24,464.00
2024-11-16,16:36:19,449.00
2024-11-16,16:41:24,427.00
2024-11-16,16:46:20,480.00
2024-11-16,16:51:26,506.00
2024-11-16,16:56:20,455.00
2024-11-16,17:01:23,447.00
2024-11-16,17:06:19,456.00
2024-11-16,17:11:26,443.00
2024-11-16,17:16:19,454.00
2024-11-16,17:21:23,442.00
2024-11-16,17:26:20,444.00
2024-11-16,17:31:26,468.00
2024-11-16,17:36:19,454.00
2024-11-16,17:41:24,460.00
2024-11-16,17:46:19,467.00
2024-11-16,17:51:25,446.00
2024-11-16,17:56:19,439.00
2024-11-16,18:01:24,443.00
2024-11-16,18:06:19,482.00
2024-11-16,18:11:26,495.00
2024-11-16,18:16:20,466.00
2024-11-16,18:21:23,480.00
2024-11-16,18:26:20,488.00
2024-11-16,18:31:27,476.00
2024-11-16,18:36:20,471.00
2024-11-16,18:41:24,484.00
2024-11-16,18:46:19,492.00
2024-11-16,18:51:25,466.00
2024-11-16,18:56:19,471.00
2024-11-16,19:01:24,489.00
2024-11-16,19:06:19,477.00
2024-11-16,19:11:25,493.00
2024-11-16,19:16:20,479.00
2024-11-16,19:21:24,479.00
2024-11-16,19:26:19,504.00
2024-11-16,19:31:26,471.00
2024-11-16,19:36:19,466.00
2024-11-16,19:41:23,474.00
2024-11-16,19:46:19,469.00
2024-11-16,19:51:26,499.00
2024-11-16,19:56:20,505.00
2024-11-16,20:01:24,479.00
2024-11-16,20:06:20,459.00
2024-11-16,20:11:26,488.00
2024-11-16,20:16:20,504.00
2024-11-16,20:21:24,493.00
2024-11-16,20:26:20,494.00
2024-11-16,20:31:26,472.00
2024-11-16,20:36:20,498.00
2024-11-16,20:41:24,511.00
2024-11-16,20:46:21,500.00
2024-11-16,20:51:28,498.00
2024-11-16,20:56:21,477.00
2024-11-16,21:01:25,485.00
2024-11-16,21:06:20,478.00
2024-11-16,21:11:26,454.00
2024-11-16,21:16:20,482.00
2024-11-16,21:21:24,499.00
2024-11-16,21:26:21,488.00
2024-11-16,21:31:27,481.00
2024-11-16,21:36:20,462.00
2024-11-16,21:41:24,465.00
2024-11-16,21:46:20,500.00
2024-11-16,21:51:26,502.00
2024-11-16,21:56:20,492.00
2024-11-16,22:01:24,481.00
2024-11-16,22:06:20,480.00
2024-11-16,22:11:26,491.00
2024-11-16,22:16:20,474.00
2024-11-16,22:21:24,454.00
2024-11-16,22:26:20,467.00
2024-11-16,22:31:26,473.00
2024-11-16,22:36:20,465.00
2024-11-16,22:41:24,458.00
2024-11-16,22:46:20,472.00
2024-11-16,22:51:26,494.00
2024-11-16,22:56:19,479.00
2024-11-16,23:01:24,486.00
2024-11-16,23:06:20,506.00
2024-11-16,23:11:27,488.00
2024-11-16,23:16:21,466.00
2024-11-16,23:21:25,490.00
2024-11-16,23:26:20,510.00
2024-11-16,23:31:27,494.00
2024-11-16,23:36:21,494.00
2024-11-16,23:41:25,483.00
2024-11-16,23:46:21,471.00
2024-11-16,23:51:27,464.00
2024-11-16,23:56:21,468.00
2024-11-17,00:01:25,473.00
2024-11-17,00:06:21,455.00
2024-11-17,00:11:27,436.00
2024-11-17,00:16:20,460.00
2024-11-17,00:21:25,498.00
2024-11-17,00:26:21,483.00
2024-11-17,00:31:27,482.00
2024-11-17,00:36:21,487.00
2024-11-17,00:41:25,480.00
2024-11-17,00:46:21,478.00
2024-11-17,00:51:28,465.00
2024-11-17,00:56:21,458.00
2024-11-17,01:01:24,476.00
2024-11-17,01:06:21,460.00
2024-11-17,01:11:27,458.00
2024-11-17,01:16:20,481.00
2024-11-17,01:21:25,463.00
2024-11-17,01:26:21,449.00
2024-11-17,01:31:27,479.00
2024-11-17,01:36:21,495.00
2024-11-17,01:41:25,476.00
2024-11-17,01:46:20,484.00
2024-11-17,01:51:27,475.00
2024-11-17,01:56:21,469.00
2024-11-17,02:01:25,454.00
2024-11-17,02:06:22,451.00
2024-11-17,02:11:28,466.00
2024-11-17,02:16:22,457.00
2024-11-17,02:21:25,478.00
2024-11-17,02:26:22,479.00
2024-11-17,02:31:28,464.00
2024-11-17,02:36:21,474.00
2024-11-17,02:41:26,463.00
2024-11-17,02:46:21,457.00
2024-11-17,02:51:27,470.00
2024-11-17,02:56:22,470.00
2024-11-17,03:01:26,480.00
2024-11-17,03:06:22,476.00
2024-11-17,03:11:29,461.00
2024-11-17,03:16:22,480.00
2024-11-17,03:21:25,494.00
2024-11-17,03:26:22,466.00
2024-11-17,03:31:28,475.00
2024-11-17,03:36:21,488.00
2024-11-17,03:41:26,486.00
2024-11-17,03:46:22,492.00
2024-11-17,03:51:28,478.00
2024-11-17,03:56:22,476.00
2024-11-17,04:01:27,483.00
2024-11-17,04:06:22,491.00
2024-11-17,04:11:29,489.00
2024-11-17,04:16:23,485.00
2024-11-17,04:21:26,490.00
2024-11-17,04:26:22,506.00
2024-11-17,04:31:29,488.00
2024-11-17,04:36:22,474.00
2024-11-17,04:41:26,486.00
2024-11-17,04:46:22,484.00
2024-11-17,04:51:28,484.00
2024-11-17,04:56:21,476.00
2024-11-17,05:01:26,471.00
2024-11-17,05:06:22,460.00
2024-11-17,05:11:28,448.00
2024-11-17,05:16:22,465.00
2024-11-17,05:21:27,492.00
2024-11-17,05:26:21,495.00
2024-11-17,05:31:28,476.00
2024-11-17,05:36:22,461.00
2024-11-17,05:41:25,473.00
2024-11-17,05:46:21,490.00
2024-11-17,05:51:28,514.00
2024-11-17,05:56:22,511.00
2024-11-17,06:01:26,472.00
2024-11-17,06:06:23,455.00
2024-11-17,06:11:28,469.00
2024-11-17,06:16:23,482.00
2024-11-17,06:21:28,467.00
2024-11-17,06:26:23,456.00
2024-11-17,06:31:29,478.00
2024-11-17,06:36:23,449.00
2024-11-17,06:41:26,451.00
2024-11-17,06:46:23,488.00
2024-11-17,06:51:30,467.00
2024-11-17,06:56:23,469.00
2024-11-17,07:01:27,480.00
2024-11-17,07:06:24,490.00
2024-11-17,07:11:30,483.00
2024-11-17,07:16:23,459.00
2024-11-17,07:21:27,477.00
2024-11-17,07:26:23,490.00
2024-11-17,07:31:29,473.00
2024-11-17,07:36:23,481.00
2024-11-17,07:41:28,485.00
2024-11-17,07:46:23,493.00
2024-11-17,07:51:29,488.00
2024-11-17,07:56:24,454.00
2024-11-17,08:01:27,472.00
2024-11-17,08:06:23,482.00
2024-11-17,08:11:30,493.00
2024-11-17,08:16:23,488.00
2024-11-17,08:21:27,470.00
2024-11-17,08:26:24,480.00
2024-11-17,08:31:29,460.00
2024-11-17,08:36:23,449.00
2024-11-17,08:41:28,475.00
2024-11-17,08:46:23,503.00
2024-11-17,08:51:29,483.00
2024-11-17,08:56:23,456.00
2024-11-17,09:01:27,477.00
2024-11-17,09:06:23,484.00
2024-11-17,09:11:30,463.00
2024-11-17,09:16:23,457.00
2024-11-17,09:21:27,471.00
2024-11-17,09:26:24,479.00
2024-11-17,09:31:31,502.00
2024-11-17,09:36:24,502.00
2024-11-17,09:41:28,462.00
2024-11-17,09:46:24,460.00
2024-11-17,09:51:30,490.00
2024-11-17,09:56:24,499.00
2024-11-17,10:01:29,488.00
2024-11-17,10:06:24,453.00
2024-11-17,10:11:30,430.00
2024-11-17,10:16:24,446.00
2024-11-17,10:21:28,483.00
2024-11-17,10:26:24,501.00
2024-11-17,10:31:31,508.00
2024-11-17,10:36:24,492.00
2024-11-17,10:41:28,446.00
2024-11-17,10:46:24,474.00
2024-11-17,10:51:30,478.00
2024-11-17,10:56:24,459.00
2024-11-17,11:01:28,486.00
2024-11-17,11:06:24,485.00
2024-11-17,11:11:30,474.00
2024-11-17,11:16:24,475.00
2024-11-17,11:21:28,476.00
2024-11-17,11:26:25,461.00
2024-11-17,11:31:31,469.00
2024-11-17,11:36:24,481.00
2024-11-17,11:41:28,464.00
2024-11-17,11:46:24,453.00
2024-11-17,11:51:31,457.00
2024-11-17,11:56:24,458.00
2024-11-17,12:01:28,456.00
2024-11-17,12:06:24,462.00
2024-11-17,12:11:30,460.00
2024-11-17,12:16:24,451.00
2024-11-17,12:21:28,454.00
2024-11-17,12:26:24,466.00
2024-11-17,12:31:30,443.00
2024-11-17,12:36:24,440.00
2024-11-17,12:41:28,467.00
2024-11-17,12:46:25,480.00
2024-11-17,12:51:31,465.00
2024-11-17,12:56:25,452.00
2024-11-17,13:01:29,472.00
2024-11-17,13:06:25,472.00
2024-11-17,13:11:32,468.00
2024-11-17,13:16:25,470.00
2024-11-17,13:21:29,471.00
2024-11-17,13:26:25,458.00
2024-11-17,13:31:31,471.00
2024-11-17,13:36:25,462.00
2024-11-17,13:41:29,433.00
2024-11-17,13:46:25,461.00
2024-11-17,13:51:31,459.00
2024-11-17,13:56:24,476.00
2024-11-17,14:01:29,507.00
2024-11-17,14:06:25,479.00
2024-11-17,14:11:32,456.00
2024-11-17,14:16:25,449.00
2024-11-17,14:21:29,466.00
2024-11-17,14:26:24,496.00
2024-11-17,14:31:31,482.00
2024-11-17,14:36:25,482.00
2024-11-17,14:41:28,498.00
2024-11-17,14:46:25,477.00
2024-11-17,14:51:31,484.00
2024-11-17,14:56:24,483.00
2024-11-17,15:01:29,445.00
2024-11-17,15:06:25,453.00
2024-11-17,15:11:31,483.00
2024-11-17,15:16:24,469.00
2024-11-17,15:21:29,446.00
2024-11-17,15:26:24,479.00
2024-11-17,15:31:31,476.00
2024-11-17,15:36:26,442.00
2024-11-17,15:41:30,463.00
2024-11-17,15:46:24,462.00
2024-11-17,15:51:31,456.00
2024-11-17,15:56:25,456.00
2024-11-17,16:01:28,457.00
2024-11-17,16:06:26,463.00
2024-11-17,16:11:32,453.00
2024-11-17,16:16:25,459.00
2024-11-17,16:21:30,478.00
2024-11-17,16:26:26,472.00
2024-11-17,16:31:31,479.00
2024-11-17,16:36:26,491.00
2024-11-17,16:41:30,481.00
2024-11-17,16:46:25,474.00
2024-11-17,16:51:32,481.00
2024-11-17,16:56:26,489.00
2024-11-17,17:01:29,489.00
2024-11-17,17:06:27,486.00
2024-11-17,17:11:33,470.00
2024-11-17,17:16:25,454.00
2024-11-17,17:21:29,441.00
2024-11-17,17:26:26,464.00
2024-11-17,17:31:32,496.00
2024-11-17,17:36:26,491.00
2024-11-17,17:41:31,472.00
2024-11-17,17:46:25,478.00
2024-11-17,17:51:31,495.00
2024-11-17,17:56:26,476.00
2024-11-17,18:01:30,458.00
2024-11-17,18:06:25,461.00
2024-11-17,18:11:32,475.00
2024-11-17,18:16:26,490.00
2024-11-17,18:21:29,495.00
2024-11-17,18:26:26,502.00
2024-11-17,18:31:32,496.00
2024-11-17,18:36:25,476.00
2024-11-17,18:41:30,470.00
2024-11-17,18:46:26,477.00
2024-11-17,18:51:31,490.00
2024-11-17,18:56:25,464.00
2024-11-17,19:01:30,459.00
2024-11-17,19:06:25,477.00
2024-11-17,19:11:32,466.00
2024-11-17,19:16:26,482.00
2024-11-17,19:21:29,502.00
2024-11-17,19:26:27,469.00
2024-11-17,19:31:34,456.00
2024-11-17,19:36:26,483.00
2024-11-17,19:41:30,483.00
2024-11-17,19:46:27,491.00
2024-11-17,19:51:33,498.00
2024-11-17,19:56:26,486.00
2024-11-17,20:01:31,502.00
2024-11-17,20:06:26,480.00
2024-11-17,20:11:32,476.00
2024-11-17,20:16:26,498.00
2024-11-17,20:21:31,470.00
2024-11-17,20:26:26,449.00
2024-11-17,20:31:33,446.00
2024-11-17,20:36:27,447.00
2024-11-17,20:41:30,458.00
2024-11-17,20:46:26,475.00
2024-11-17,20:51:33,481.00
2024-11-17,20:56:26,473.00
2024-11-17,21:01:30,473.00
2024-11-17,21:06:26,481.00
2024-11-17,21:11:32,478.00
2024-11-17,21:16:26,481.00
2024-11-17,21:21:31,473.00
2024-11-17,21:26:26,469.00
2024-11-17,21:31:32,470.00
2024-11-17,21:36:27,478.00
2024-11-17,21:41:30,474.00
2024-11-17,21:46:26,469.00
2024-11-17,21:51:33,485.00
2024-11-17,21:56:26,504.00
2024-11-17,22:01:30,501.00
2024-11-17,22:06:28,473.00
2024-11-17,22:11:34,462.00
2024-11-17,22:16:26,466.00
2024-11-17,22:21:31,485.00
2024-11-17,22:26:26,481.00
2024-11-17,22:31:32,465.00
2024-11-17,22:36:26,468.00
2024-11-17,22:41:30,479.00
2024-11-17,22:46:28,482.00
2024-11-17,22:51:34,476.00
2024-11-17,22:56:28,482.00
2024-11-17,23:01:32,476.00
2024-11-17,23:06:27,478.00
2024-11-17,23:11:34,478.00
2024-11-17,23:16:27,479.00
2024-11-17,23:21:31,493.00
2024-11-17,23:26:27,497.00
2024-11-17,23:31:33,494.00
2024-11-17,23:36:28,466.00
2024-11-17,23:41:33,451.00
2024-11-17,23:46:27,458.00
2024-11-17,23:51:33,473.00
2024-11-17,23:56:28,489.00
2024-11-18,00:01:32,482.00
2024-11-18,00:06:28,479.00
2024-11-18,00:11:35,482.00
2024-11-18,00:16:28,484.00
2024-11-18,00:21:32,479.00
2024-11-18,00:26:27,505.00
2024-11-18,00:31:33,504.00
2024-11-18,00:36:28,502.00
2024-11-18,00:41:32,538.00
2024-11-18,00:46:28,527.00
2024-11-18,00:51:34,500.00
2024-11-18,00:56:28,507.00
2024-11-18,01:01:32,505.00
2024-11-18,01:06:28,490.00
2024-11-18,01:11:34,488.00
2024-11-18,01:16:27,486.00
2024-11-18,01:21:32,491.00
2024-11-18,01:26:27,492.00
2024-11-18,01:31:34,490.00
2024-11-18,01:36:28,494.00
2024-11-18,01:41:32,507.00
2024-11-18,01:46:27,496.00
2024-11-18,01:51:34,478.00
2024-11-18,01:56:28,477.00
2024-11-18,02:01:32,474.00
2024-11-18,02:06:29,479.00
2024-11-18,02:11:35,474.00
2024-11-18,02:16:29,481.00
2024-11-18,02:21:33,490.00
2024-11-18,02:26:29,474.00
2024-11-18,02:31:35,481.00
2024-11-18,02:36:29,503.00
2024-11-18,02:41:33,517.00
2024-11-18,02:46:29,516.00
2024-11-18,02:51:35,501.00
2024-11-18,02:56:29,479.00
2024-11-18,03:01:33,494.00
2024-11-18,03:06:29,504.00
2024-11-18,03:11:35,510.00
2024-11-18,03:16:29,501.00
2024-11-18,03:21:32,485.00
2024-11-18,03:26:29,507.00
2024-11-18,03:31:35,507.00
2024-11-18,03:36:28,501.00
2024-11-18,03:41:33,499.00
2024-11-18,03:46:29,513.00
2024-11-18,03:51:35,504.00
2024-11-18,03:56:29,488.00
2024-11-18,04:01:33,484.00
2024-11-18,04:06:28,476.00
2024-11-18,04:11:35,489.00
2024-11-18,04:16:29,490.00
2024-11-18,04:21:33,498.00
2024-11-18,04:26:29,504.00
2024-11-18,04:31:35,499.00
2024-11-18,04:36:29,506.00
2024-11-18,04:41:33,527.00
2024-11-18,04:46:29,500.00
2024-11-18,04:51:35,481.00
2024-11-18,04:56:28,486.00
2024-11-18,05:01:33,489.00
2024-11-18,05:06:29,504.00
2024-11-18,05:11:35,463.00
2024-11-18,05:16:29,442.00
2024-11-18,05:21:33,495.00
2024-11-18,05:26:28,500.00
2024-11-18,05:31:35,481.00
2024-11-18,05:36:30,508.00
2024-11-18,05:41:33,506.00
2024-11-18,05:46:30,478.00
2024-11-18,05:51:36,469.00
2024-11-18,05:56:30,485.00
2024-11-18,06:01:35,499.00
2024-11-18,06:06:30,514.00
2024-11-18,06:11:36,512.00
2024-11-18,06:16:29,490.00
2024-11-18,06:21:34,482.00
2024-11-18,06:26:29,504.00
2024-11-18,06:31:36,504.00
2024-11-18,06:36:30,478.00
2024-11-18,06:41:34,471.00
2024-11-18,06:46:29,477.00
2024-11-18,06:51:36,480.00
2024-11-18,06:56:31,496.00
2024-11-18,07:01:34,517.00
2024-11-18,07:06:30,517.00
2024-11-18,07:11:36,477.00
2024-11-18,07:16:29,467.00
2024-11-18,07:21:34,490.00
2024-11-18,07:26:29,491.00
2024-11-18,07:31:35,490.00
2024-11-18,07:36:30,469.00
2024-11-18,07:41:34,478.00
2024-11-18,07:46:29,489.00
2024-11-18,07:51:36,466.00
2024-11-18,07:56:30,453.00
2024-11-18,08:01:33,455.00
2024-11-18,08:06:30,472.00
2024-11-18,08:11:36,490.00
2024-11-18,08:16:30,498.00
2024-11-18,08:21:34,490.00
2024-11-18,08:26:30,487.00
2024-11-18,08:31:36,491.00
2024-11-18,08:36:29,491.00
2024-11-18,08:41:34,470.00
2024-11-18,08:46:29,454.00
2024-11-18,08:51:35,476.00
2024-11-18,08:56:31,489.00
2024-11-18,09:01:35,488.00
2024-11-18,09:06:30,505.00
2024-11-18,09:11:37,507.00
2024-11-18,09:16:30,493.00
2024-11-18,09:21:34,497.00
2024-11-18,09:26:31,511.00
2024-11-18,09:31:37,518.00
2024-11-18,09:36:30,502.00
2024-11-18,09:41:35,484.00
2024-11-18,09:46:30,505.00
2024-11-18,09:51:36,520.00
2024-11-18,09:56:30,479.00
2024-11-18,10:01:35,472.00
2024-11-18,10:06:30,508.00
2024-11-18,10:11:37,500.00
2024-11-18,10:16:31,477.00
2024-11-18,10:21:34,497.00
2024-11-18,10:26:30,510.00
2024-11-18,10:31:37,477.00
2024-11-18,10:36:30,471.00
2024-11-18,10:41:34,497.00
2024-11-18,10:46:31,495.00
2024-11-18,10:51:37,484.00
2024-11-18,10:56:30,486.00
2024-11-18,11:01:35,497.00
2024-11-18,11:06:30,510.00
2024-11-18,11:11:36,514.00
2024-11-18,11:16:30,526.00
2024-11-18,11:21:34,521.00
2024-11-18,11:26:30,500.00
2024-11-18,11:31:37,498.00
2024-11-18,11:36:30,502.00
2024-11-18,11:41:34,514.00
2024-11-18,11:46:30,496.00
2024-11-18,11:51:37,478.00
2024-11-18,11:56:31,482.00
2024-11-18,12:01:35,472.00
2024-11-18,12:06:30,485.00
2024-11-18,12:11:36,524.00
2024-11-18,12:16:31,514.00
2024-11-18,12:21:36,493.00
2024-11-18,12:26:31,511.00
2024-11-18,12:31:37,529.00
2024-11-18,12:36:33,543.00
2024-11-18,12:41:36,540.00
2024-11-18,12:46:31,522.00
2024-11-18,12:51:38,529.00
2024-11-18,12:56:31,523.00
2024-11-18,13:01:35,507.00
2024-11-18,13:06:32,508.00
2024-11-18,13:11:37,509.00
2024-11-18,13:16:31,524.00
2024-11-18,13:21:35,531.00
2024-11-18,13:26:31,519.00
2024-11-18,13:31:37,524.00
2024-11-18,13:36:31,553.00
2024-11-18,13:41:35,537.00
2024-11-18,13:46:32,515.00
2024-11-18,13:51:38,512.00
2024-11-18,13:56:31,495.00
2024-11-18,14:01:35,496.00
2024-11-18,14:06:32,507.00
2024-11-18,14:11:39,493.00
2024-11-18,14:16:32,471.00
2024-11-18,14:21:36,483.00
2024-11-18,14:26:31,522.00
2024-11-18,14:31:37,527.00
2024-11-18,14:36:32,500.00
2024-11-18,14:41:37,497.00
2024-11-18,14:46:31,497.00
2024-11-18,14:51:37,491.00
2024-11-18,14:56:31,499.00
2024-11-18,15:01:35,502.00
2024-11-18,15:06:31,513.00
2024-11-18,15:11:38,496.00
2024-11-18,15:16:31,473.00
2024-11-18,15:21:35,468.00
2024-11-18,15:26:31,467.00
2024-11-18,15:31:37,505.00
2024-11-18,15:36:32,518.00
2024-11-18,15:41:36,500.00
2024-11-18,15:46:33,509.00
2024-11-18,15:51:39,501.00
2024-11-18,15:56:32,470.00
2024-11-18,16:01:36,462.00
2024-11-18,16:06:33,476.00
2024-11-18,16:11:39,474.00
2024-11-18,16:16:32,457.00
2024-11-18,16:21:37,466.00
2024-11-18,16:26:33,470.00
2024-11-18,16:31:40,462.00
2024-11-18,16:36:32,475.00
2024-11-18,16:41:36,454.00
2024-11-18,16:46:31,442.00
2024-11-18,16:51:38,483.00
2024-11-18,16:56:33,506.00
2024-11-18,17:01:37,485.00
2024-11-18,17:06:32,474.00
2024-11-18,17:11:38,475.00
2024-11-18,17:16:32,476.00
2024-11-18,17:21:36,469.00
2024-11-18,17:26:32,473.00
2024-11-18,17:31:38,471.00
2024-11-18,17:36:31,466.00
2024-11-18,17:41:36,466.00
2024-11-18,17:46:31,466.00
2024-11-18,17:51:38,464.00
2024-11-18,17:56:33,458.00
2024-11-18,18:01:37,460.00
2024-11-18,18:06:31,462.00
2024-11-18,18:11:38,493.00
2024-11-18,18:16:32,524.00
2024-11-18,18:21:35,504.00
2024-11-18,18:26:33,458.00
2024-11-18,18:31:39,439.00
2024-11-18,18:36:31,440.00
2024-11-18,18:41:36,459.00
2024-11-18,18:46:33,466.00
2024-11-18,18:51:39,456.00
2024-11-18,18:56:34,489.00
2024-11-18,19:01:38,506.00
2024-11-18,19:06:32,486.00
2024-11-18,19:11:39,484.00
2024-11-18,19:16:33,455.00
2024-11-18,19:21:37,483.00
2024-11-18,19:26:34,503.00
2024-11-18,19:31:40,462.00
2024-11-18,19:36:33,469.00
2024-11-18,19:41:37,504.00
2024-11-18,19:46:34,506.00
2024-11-18,19:51:40,492.00
